video_id,trending_date,title,channel_title,category_id,publish_time,tags,views,likes,dislikes,comment_count,thumbnail_link,comments_disabled,ratings_disabled,video_error_or_removed,description
Jw1Y-zhQURU,17.14.11,John Lewis Christmas Ad 2017 - #MozTheMonster,John Lewis,Howto & Style,2017-11-10T07:38:29.000Z,"christmas|""john lewis christmas""|""john lewis""|""christmas ad""|""mozthemonster""|""christmas 2017""|""christmas ad 2017""|""john lewis christmas advert""|""moz""",7224515,55681,10247,9479,https://i.ytimg.com/vi/Jw1Y-zhQURU/default.jpg,FALSE,FALSE,FALSE,"Click here to continue the story and make your own monster:\nhttp://bit.ly/2mboXgj\n\nJoe befriends a noisy Monster under his bed but the two have so much fun together that he can't get to sleep, leaving him tired by day. For Christmas Joe receives a gift to help him finally get a good night’s sleep.\n\nShop the ad\nhttp://bit.ly/2hg04Lc\n\nThe music is Golden Slumbers performed by elbow, the original song was by The Beatles. \nFind the track:\nhttps://Elbow.lnk.to/GoldenSlumbersXS\n\nSubscribe to this channel for regular video updates\nhttp://bit.ly/2eU8MvW\n\nIf you want to hear more from John Lewis:\n\nLike John Lewis on Facebook\nhttp://www.facebook.com/johnlewisretail\n\nFollow John Lewis on Twitter\nhttp://twitter.com/johnlewisretail\n\nFollow John Lewis on Instagram\nhttp://instagram.com/johnlewisretail"
3s1rvMFUweQ,17.14.11,Taylor Swift: …Ready for It? (Live) - SNL,Saturday Night Live,Entertainment,2017-11-12T06:24:44.000Z,"SNL|""Saturday Night Live""|""SNL Season 43""|""Episode 1730""|""Tiffany Haddish""|""Taylor Swift""|""Taylor Swift Ready for It""|""s43""|""s43e5""|""episode 5""|""live""|""new york""|""comedy""|""sketch""|""funny""|""hilarious""|""late night""|""host""|""music""|""guest""|""laugh""|""impersonation""|""actor""|""improv""|""musician""|""comedian""|""actress""|""If Loving You Is Wrong""|""Oprah Winfrey""|""OWN""|""Girls Trip""|""The Carmichael Show""|""Keanu""|""Reputation""|""Look What You Made Me Do""|""ready for it?""",1053632,25561,2294,2757,https://i.ytimg.com/vi/3s1rvMFUweQ/default.jpg,FALSE,FALSE,FALSE,Musical guest Taylor Swift performs …Ready for It? on Saturday Night Live.\n\n#SNL #SNL43\n\nGet more SNL: http://www.nbc.com/saturday-night-live\nFull Episodes: http://www.nbc.com/saturday-night-liv...\n\nLike SNL: https://www.facebook.com/snl\nFollow SNL: https://twitter.com/nbcsnl\nSNL Tumblr: http://nbcsnl.tumblr.com/\nSNL Instagram: http://instagram.com/nbcsnl \nSNL Pinterest: http://www.pinterest.com/nbcsnl/
n1WpP7iowLc,17.14.11,Eminem - Walk On Water (Audio) ft. Beyoncé,EminemVEVO,Music,2017-11-10T17:00:03.000Z,"Eminem|""Walk""|""On""|""Water""|""Aftermath/Shady/Interscope""|""Rap""",17158579,787420,43420,125882,https://i.ytimg.com/vi/n1WpP7iowLc/default.jpg,FALSE,FALSE,FALSE,Eminem's new track Walk on Water ft. Beyoncé is available everywhere: http://shady.sr/WOWEminem \nPlaylist Best of Eminem: https://goo.gl/AquNpo\nSubscribe for more: https://goo.gl/DxCrDV\n\nFor more visit: \nhttp://eminem.com\nhttp://facebook.com/eminem\nhttp://twitter.com/eminem\nhttp://instagram.com/eminem\nhttp://eminem.tumblr.com\nhttp://shadyrecords.com\nhttp://facebook.com/shadyrecords\nhttp://twitter.com/shadyrecords\nhttp://instagram.com/shadyrecords\nhttp://trustshady.tumblr.com\n\nMusic video by Eminem performing Walk On Water. (C) 2017 Aftermath Records\nhttp://vevo.ly/gA7xKt
PUTEiSjKwJU,17.14.11,Goals from Salford City vs Class of 92 and Friends at The Peninsula Stadium!,Salford City Football Club,Sports,2017-11-13T02:30:38.000Z,"Salford City FC|""Salford City""|""Salford""|""Class of 92""|""University of Salford""|""Salford Uni""|""Non League""|""National League""|""National League North""",27833,193,12,37,https://i.ytimg.com/vi/PUTEiSjKwJU/default.jpg,FALSE,FALSE,FALSE,Salford drew 4-4 against the Class of 92 and Friends at the newly opened The Peninsula Stadium!\n\nLike us on Facebook: https://www.facebook.com/SalfordCityFC/ \nFollow us on Twitter: https://twitter.com/SalfordCityFC\nFollow us on Instagram: https://www.instagram.com/salfordcityfc/ \nSubscribe to us on YouTube: https://www.youtube.com/user/SalfordCityTV\n\nWebsite: https://salfordcityfc.co.uk
rHwDegptbI4,17.14.11,Dashcam captures truck's near miss with child in Norway,Cute Girl Videos,News & Politics,2017-11-13T01:45:13.000Z,[none],9815,30,2,30,https://i.ytimg.com/vi/rHwDegptbI4/default.jpg,FALSE,FALSE,FALSE,Dashcam captures truck's near miss with child in Norway\nThe close call happened as children were getting off a school bus in Norway.\n\nEurope\nNorway
AumaWl0TNBo,17.14.11,How My Relationship Started!,PointlessBlogVlogs,Entertainment,2017-11-11T17:00:00.000Z,"pointlessblog|""pointlessblogtv""|""pointlessblogvlogs""|""games""|""gaming""|""daily""|""vlog""|""zoe""|""sugg""|""funny""|""zoella""|""zozeebo""|""new""|""house""|""nala""|""cute""|""puppy""|""british""|""teen""|""couple""|""zalfie""|""how""|""my""|""relationship""|""started""|""first""|""time""|""kiss""|""niomi""|""smart""|""trip""|""adventure""|""travel""|""holiday""|""merch""|""pb""|""office""|""tour""",1182775,52708,1431,2333,https://i.ytimg.com/vi/AumaWl0TNBo/default.jpg,FALSE,FALSE,FALSE,► HOW MY RELATIONSHIP STARTED!\n► PB Merch • http://bit.ly/New-PBMerch \n► PB Merch • http://bit.ly/New-PBMerch \n----------------------------------------­­­­­­­----------------------------------­-­-­-­\n• My Links •\nMain Channel • http://youtube.com/pointlessblog \nGaming Channel • http://youtube.com/AlfieGames \nTwitter • https://twitter.com/pointlessblog \nFacebook • http://fb.com/PointlessBlogTv \nTumblr • http://pointlessblogtv.tumblr.com \nSnapChat • PointlessBlog\n----------------------------------------­­­­­­­----------------------------------­-­-­-­-\n• Music •\nAndrew Applepie\n----------------------------------------­­­­­­­----------------------------------­-­-­-­-\n• Contact • Enquiries@PointlessBlog.co.uk\n----------------------------------------­­­­­­­----------------------------------­-­-­-­-
2Vv-BfVoq4g,17.14.11,Ed Sheeran - Perfect (Official Music Video),Ed Sheeran,Music,2017-11-09T11:04:14.000Z,"edsheeran|""ed sheeran""|""acoustic""|""live""|""cover""|""official""|""remix""|""official video""|""lyrics""|""session""",33523622,1634124,21082,85067,https://i.ytimg.com/vi/2Vv-BfVoq4g/default.jpg,FALSE,FALSE,FALSE,"🎧: https://ad.gt/yt-perfect\n💰: https://atlanti.cr/yt-album\nSubscribe to Ed's channel: http://bit.ly/SubscribeToEdSheeran\n\nFollow Ed on...\nFacebook: http://www.facebook.com/EdSheeranMusic\nTwitter: http://twitter.com/edsheeran\nInstagram: http://instagram.com/teddysphotos\nOfficial Website: http://edsheeran.com\n\nDirector: Jason Koenig\nProducer: Honna Kimmerer\nStarring: Ed Sheeran & Zoey Deutch \nDirector of Photography: Johnny Valencia\nProduction Company: Anonymous Content\nExec Producer: Nina Soriano\nProduction Manager: Doug Hoff\nCommissioner: Dan Curwin\nProduction Designer: John Lavin\nLead Casting: Amy Hubbard \n \nWritten by: Jason Koenig, Ed Sheeran, Andrew Kolvet, Jenny Koenig, Murray Cummings\n\nEdited by: Jason Koenig & Johnny Valencia\nVFX: Ian Hubert\n\nCast: Bo Valencia, Dennis Ranalta, Arthur Pauli\n \nSki Cinematography: Corey Koniniec\nSpecialty Camera op: Ryan Haug\n1st AC: Ryan Brown\n \n1st Assistant Director: Ole Zapatka\nArt Director: Klaus Hartl\nSnow fx: Lucien Stephenson\n\nGaffer: Thomas Berz\nStylist: Claudia Lajda\nHair & Makeup: Christel Thoresen\nAustrian Casting: Ursula Kiplinger\n \nAdditional VFX: Zoic\n\nSpecial Thanks to: The Hintertux Glacier, Austria;\nThe Tenne, and Hotel Neuhintertux"
#NAME?,17.14.11,CHRISTMAS HAS GONE TO MY HEAD,MoreZoella,People & Blogs,2017-11-10T19:19:43.000Z,"zoe sugg|""zoella""|""zoe""|""vlog""|""vlogging""|""vlogs""|""daily""|""every""|""day""|""british""|""in the life""|""brighton""|""nala""|""puppy""|""pug""|""alfie deyes""|""pointlessblog""|""beauty""|""fashion""|""makeup""|""lifestyle""|""life""|""clothes""|""outfits""|""dog""|""home""|""interiors""|""books""|""food""|""baking""|""christmas""",1164201,57309,749,624,https://i.ytimg.com/vi/-N5eucPMTTc/default.jpg,FALSE,FALSE,FALSE,CHRISTMAS HAS GONE TO MY HEAD\nPrevious Vlog: http://bit.ly/2yQn6Dr\nMain Channel: http://bit.ly/2n34AgF\n\n--- Links below marked with a * are affiliate links - which means I receive a percentage of the revenue made from purchasing products through this link —\n\nWhat I'm Wearing:\nT Shirt - Zoe Karssen - http://bit.ly/2ABhudK\n*Trousers - & Other Stories - http://bit.ly/2zO41C2\n*Coat - & Other Stories - http://bit.ly/2zMEWrj\n*Hat - ASOS (similar) http://bit.ly/2zM170G\n*Converse - http://bit.ly/2wrGiCw\n\nOther Places To Find Me:\n\nMAIN CHANNEL: http://youtube.com/zoella\nBLOG : http://www.zoella.co.uk\nTWITTER : http://twitter.com/Zoella\nINSTAGRAM : http://instagram.com/Zoella\nFACEBOOK : http://facebook.com/zoe.zoella\nSNAPCHAT : @OfficialZoella
LMCuKltaY3M,17.14.11,Elbow - Golden Slumbers (John Lewis Advert 2017),ElbowVEVO,Music,2017-11-10T08:00:01.000Z,"Elbow|""Golden""|""Slumbers""|""Polydor""|""Alternative""",154494,2163,147,211,https://i.ytimg.com/vi/LMCuKltaY3M/default.jpg,FALSE,FALSE,FALSE,"“Golden Slumbers”, originally by The Beatles, and as heard on the 2017 John Lewis Christmas advert. \n\nTaken from elbow’s new ‘Best Of’ collection, released 24/11/2017. Pre-order now and get “Golden Slumbers” instantly: https://Elbow.lnk.to/BestOfID\n\nelbow are touring in 2017 and 2018 – for tickets visit http://www.elbow.co.uk\n\nhttp://www.facebook.com/elbow\nhttp://www.twitter.com/elbow\nhttp://www.instagram.com/elbowofficial"
9t9u_yPEidY,17.14.11,"Jennifer Lopez - Amor, Amor, Amor (Official Video) ft. Wisin",JenniferLopezVEVO,Music,2017-11-10T15:00:00.000Z,"Jennifer Lopez ft. Wisin|""Jennifer Lopez ft. Wisin Music""|""Jennifer Lopez ft. Wisin Official Video""|""Jennifer Lopez ft. Wisin Video""|""Jennifer Lopez ft. Wisin Video Oficial""|""Jennifer Lopez ft. Wisin Nuevo Video""|""Jennifer Lopez ft. Wisin New Video""|""Amor""|""Amor Official Video""|""Official Video""|""Amor Single""|""Single""|""Jennifer Lopez ft. Wisin New Single""|""Jennifer Lopez ft. Wisin Single""|""Jennifer Lopez ft. Wisin Amor""|""Jennifer""|""Lopez""",9548677,190084,15015,11473,https://i.ytimg.com/vi/9t9u_yPEidY/default.jpg,FALSE,FALSE,FALSE,"Jennifer Lopez ft. Wisin - Amor, Amor, Amor (Official Music Video)\n“Amor, Amor, Amor” is available on these digital platforms!\niTunes: http://smarturl.it/AAAi\nApple Music: http://smarturl.it/AAAap\nSpotify: http://smarturl.it/AAAs\nAmazon Music: http://smarturl.it/AAAam\nGoogle Play: http://smarturl.it/AAAgp\nVideo: http://smarturl.it/AAAv\nLinkfire: https://SML.lnk.to/AAA\n\nFollow JLO!\nOfficial Site: http://www.jenniferlopez.com\nFacebook: https://www.facebook.com/jenniferlopez\nInstagram: https://www.instagram.com/jlo\nTwitter: https://twitter.com/jlo\nOfficial music video by Jennifer Lopez ft. Wisin performing Amor, Amor, Amor. (C) 2017 Sony Music Entertainment US Latin LLC"
ONQ-fAp5X64,17.14.11,CAN BABIES DO GYMNASTICS?  **World Record**,Nile Wilson,Sports,2017-11-11T10:30:00.000Z,"nile wilson|""nile wilson gymnastics""|""nile wilson olympics""|""olympic gymnast""|""amazing gymnastics""|""gymnastics""|""strength training""|""strength""|""hard work""|""vlogging""|""vlog""|""success""|""fitness""|""world record""|""has to be a world record""|""can babies do gymnastics""|""youngest gymnast in the world""|""ultimate gymnastics challenge""|""trampoline challenge""|""gymmastics challenge""|""baby gymnastics""",306724,9591,266,448,https://i.ytimg.com/vi/ONQ-fAp5X64/default.jpg,FALSE,FALSE,FALSE,"➢ Join my FREE 7 Steps to Success - http://www.bodybible.life/\n➢ Merch- http://www.nwclothing.co.uk/\n➢ Enquiries - luke@activatemanagement.co.uk\n➢R&B- https://open.spotify.com/user/1177145901/playlist/0DqvE5p0HqNfDbE3sS8rKZ\n➢House - https://open.spotify.com/user/1177145901/playlist/2Vw8Wv059AoDWKJRaBTfzE\n➢ Handstand Programme 🤸🏼‍♂️https://bodybible.life/individual-programmes-2/\n➢ Depop -https://www.depop.com/joannaj\n➢ Gymnastics Gear ~ https://www.turn-gymnastics.com/\n➢ Intro Song ~ Tom Zanetti, Darlin'\n➢ Soundcloud ~ https://soundcloud.com/nile-wilson-2/sets/wobblers\n➢Instagram https://instagram.com/nilemw/\n➢ Body Bible instagram https://www.instagram.com/nw_bodybible/\n➢Twitter https://twitter.com/NileMW\n➢Facebook https://www.facebook.com/NileWilsonGy…\n➢SnapChat - nilewilson\n➢Songs ~ https://www.youtube.com/user/officialdjwelshy"
Dlwf5u2BLAg,17.14.11,"TV Reporter Interviews Alleged Bank Robber, Then Helps Police Catch Him",Inside Edition,News & Politics,2017-11-10T01:40:07.000Z,"reporter|""robbery""|""Crime""|""cat-news""|""police""|""bank""|""Georgia""|""offbeat""|""Inside Edition Offbeat""|""Inside Edition newsdesk""|""local news""|""bank robber""|""television reporter""|""television anchor""|""Gwinnett County""|""georgia""|""ashley thompson""",254314,1746,125,298,https://i.ytimg.com/vi/Dlwf5u2BLAg/default.jpg,FALSE,FALSE,FALSE,"More from Inside Edition: https://www.youtube.com/user/cbstvdinsideedition?sub_confirmation=1\nGeorgia police say in the midst of robbing banks, a suspect made time for a television interview on the local news. A reporter was doing an unrelated story about traffic when she approached the man to get his opinion. She says before going on camera, he asked to take off the same headwear seen in surveillance photos. Police contacted the reporter for his information, and her next headline was an arrest. InsideEdition.com's Lisa Voyticki has more."
NVCqz2BDfcQ,17.14.11,Gucci Mane  - Curve (ft. The Weeknd),OfficialGucciMane,Music,2017-11-10T17:18:13.000Z,"Gucci Mane|""The Weeknd""|""Curve""|""Official""|""Music Video""|""Atlantic""|""Records""|""trap""|""trap god""|""1017""|""gucci""|""mr davis""|""atlanta""|""rap""|""hip hop""",946859,37986,816,2006,https://i.ytimg.com/vi/NVCqz2BDfcQ/default.jpg,FALSE,FALSE,FALSE,Gucci Mane - Curve feat. The Weeknd\n\n Mr. Davis out now: https://Atlantic.lnk.to/MrDavis\n\nGet exclusive Mr. Davis merchandise here: http://smarturl.it/MrDavisBundlesYT\n\nFollow Gucci Mane\nhttp://GucciManeOnline.com\nhttp://Twitter.com/Gucci1017\nhttp://Facebook.com/GucciMane\nhttp://Instagram.com/LaFlare1017\nhttps://open.spotify.com/artist/13y7CgLHjMVRMDqxdx0Xdo\n\nDIRECTOR - David Helman\nDP - Dustin Lane\nEXEC PRODUCER - Whitney Jackson\nPRODUCER - Jeff Kopchia\nGAFFER - Andrew Valenti\nKEY GRIP - Matt Garza\nPROD DESIGNER - Spencer Graves\nEDITOR - Nick Rondeau
MyEqfBkzESU,17.14.11,EXTREME GOLDEN TAN TRANSFORMATION,John Maclean,Howto & Style,2017-11-10T20:40:44.000Z,"Extreme Tan|""Tanning""|""Tanning Bed""|""How to get best Tan""|""Black to White""|""White To Tan""|""How to apply fake tan""|""Tanning Routine""|""Best fake tan""|""How to tan faster in the sun""|""How to make tan last""|""tanned skin""|""tan makeup""",300617,8133,2693,2911,https://i.ytimg.com/vi/MyEqfBkzESU/default.jpg,FALSE,FALSE,FALSE,-\n\n\nWebsite - http://www.johnmaclean.co.uk\n\nPatreon - https://www.patreon.com/johnmaclean\n\nInstagram - https://instagram.com/LordMaclean\n\nTwitter - https://twitter.com/HouseOfMaclean\n\nFacebook - https://www.facebook.com/CosmeticCons...\n\nYoutube - https://www.youtube.com/CosmeticConsu...\n\n\n-
b4vTZx_AtHk,17.14.11,How To Dry a Shirt in 30 Seconds,HowToBasic,Howto & Style,2017-11-09T18:36:48.000Z,"how to dry a shirt in 30 seconds|""how to dry a shirt""|""life hack""|""how to quickly dry clothing""|""how to dry a shirt fast""|""quickly dry clothes""|""quickly dry clothing""|""dry a shirt fast""|""howtobasic""",2063667,98804,11682,11443,https://i.ytimg.com/vi/b4vTZx_AtHk/default.jpg,FALSE,FALSE,FALSE,"Today I show you how to completely dry a shirt or any other piece of clothing in 30 seconds or less. I recently discovered this amazing trick that can dry any piece of clothing incredibly fast! I didn't believe my eyes as my shirt magically became bone dry in a matter of seconds. I thought this method was too good to keep to myself, so I decided to make this video to share it with the world. Sick of waiting for your clothes to dry? Simply follow the step by step instructions in this video.\n\nDon't keep this lightning fast clothes drying technique to yourself! SHARE IT: \nTWEET IT► https://ctt.ec/89bMT \nEGGBOOK IT► http://bit.ly/ShirtDryLifeHack \n\nClick Here To Eggscribe! --►\n‪http://bit.ly/Eggscribe\n\nHave a video Suggestion? Post it in the Comments Section, Contact me through my Facebook page or Tweet me!\n\nConnect with me!\nFacebook ► ‪http://www.facebook.com/HowToBasic‬\nTwitter ► ‪http://www.twitter.com/HowToBasic‬\nInstagram ► ‪http://instagram.com/HowToBasic‬\n2ND Channel ► ‪http://www.youtube.com/HowToBasic2‬\n \nT-Shirts & Eggy Merchandise ► ‪http://howtobasic.spreadshirt.com/\n\nKnow someone that would be interested in this life hack? Link them to this video!"
BsfhHKx6ajA,17.14.11,Attracting An Alpaca With An Accordion | Nowhere Else,Good Mythical Morning,Entertainment,2017-11-10T11:00:00.000Z,"rhett and link|""gmm""|""good mythical morning""|""rhett and link good mythical morning""|""good mythical morning rhett and link""|""mythical morning""|""gmm food""|""Season 12""|""attracting an alpaca with an accordion""|""alpaca""|""accordion""|""apple pie""|""abraham lincoln""|""rhett link alpaca""|""gmm alpaca""|""gmm challenge""|""rhett link challenge""|""gmm bit""|""rhett link bit""|""llama""|""alpacas""|""comedy""|""animals""|""gmm music""|""try not to laugh""|""experiment""|""challenge""",728547,12553,2146,1143,https://i.ytimg.com/vi/BsfhHKx6ajA/default.jpg,FALSE,FALSE,FALSE,"Trust us, there's nowhere else in the universe that you'll see something like this. GMM #1217\nWatch GMMore: https://youtu.be/qfBLDHxHb6Q | Part 3: https://youtu.be/BsfhHKx6ajA\nWatch today's episode from the start: http://bit.ly/GMM1217\n\nPick up all of the official GMM merch only at https://mythical.store\n\nFollow Rhett & Link: \nInstagram: https://instagram.com/rhettandlink\nFacebook: https://facebook.com/rhettandlink\nTwitter: https://twitter.com/rhettandlink\nTumblr: https://rhettandlink.tumblr.com\nSnapchat: @realrhettlink\nWebsite: https://mythical.co/\n\nCheck Out Our Other Mythical Channels:\nGood Mythical MORE: https://youtube.com/goodmythicalmore\nRhett & Link: https://youtube.com/rhettandlink\nThis Is Mythical: https://youtube.com/thisismythical\nEar Biscuits: https://applepodcasts.com/earbiscuits\n\nWant to send us something? https://mythical.co/contact\nHave you made a Wheel of Mythicality intro video? Submit it here: https://bit.ly/GMMWheelIntro\n\nIntro Animation by Digital Twigs: https://www.digitaltwigs.com\nIntro & Outro Music by Jeff Zeigler & Sarah Schimeneck https://www.jeffzeigler.com\nWheel of Mythicality theme: https://www.royaltyfreemusiclibrary.com/\nAll Supplemental Music fromOpus 1 Music: https://opus1.sourceaudio.com/\nWe use ‘The Mouse’ by Blue Microphones https://www.bluemic.com/mouse/\n\nNo alpacas were harmed or found themselves attracted to Abraham Lincoln during the making of this segment."
DIU3xPdhCBI,17.14.11,Sam Smith surprises brides at their wedding! (At The BBC),BBC Music,Music,2017-11-09T22:26:10.000Z,"bbc|""music""|""bbc music""|""Sam Smith""|""Wedding""|""Sam Smith At The BBC""|""At the BBC""",893462,22326,833,943,https://i.ytimg.com/vi/DIU3xPdhCBI/default.jpg,FALSE,FALSE,FALSE,"You have to watch this! Sam serenades a couple at their wedding, and it is beautiful.\n\nSubscribe now: http://bit.ly/2fKbxWg \nWatch more: http://www.bbc.co.uk/programmes/b09f47wy"
pz95u3UVpaM,17.14.11,Camila Cabello - Havana (Vertical Video) ft. Young Thug,CamilaCabelloVEVO,Music,2017-11-10T05:01:00.000Z,"camila cabello|""camila""|""young thug""|""havana""|""fifth harmony""|""5h""|""harmonizers""|""crying in the club""|""omg""|""i have questions""|""know no better""|""lauren jauregui""|""dinah jane""|""normandi kordei""|""ally brooke""|""lele""|""pons""|""lelepons""|""shawn mendes""|""LeLe Pons""|""LuJuan James""|""influencers""|""instagram influencer""|""lele instagram""|""latina influencer""|""lelepons dance videos""|""lele pons dance battle""|""Camila Cabello feat. Young Thug""|""Havana""|""Pop""|""Syco Music/Epic""",5476738,286269,4083,12254,https://i.ytimg.com/vi/pz95u3UVpaM/default.jpg,FALSE,FALSE,FALSE,"Havana – Spotify Vertical Video \nVideo Director: Sam Lecca\nAvailable at Spotify: http://smarturl.it/Havana_Sptfy \n\nFind Camila Here: \nTwitter: @camila_cabello\nIG: @camila_cabello \nFacebook: @97camilacabello \nWebsite: www.camilacabello.com \n \n#Havana\n#HAVANAtheMOVIE\n#Camila\n#CamilaCabello\n \n(C) 2017 Simco Ltd. under exclusive license to Epic Records, a division of Sony Music Entertainment Category: Music License: Standard YouTube License\n \nCategory: Music"
jp9hK-jY6yY,17.14.11,When Someone Has A Crush on You | Lilly Singh,IISuperwomanII,Comedy,2017-11-09T22:21:13.000Z,"iisuperwomanii|""iisuperwomenii""|""superwoman""|""superwomen""|""super""|""comedy""|""comedian""|""brown""|""indian""|""desi""|""punjabi""|""hindi""|""when someone has a crush on you""|""crush""|""crush on you""|""when a crush""|""crush you""|""on you""|""someone on""|""when someone""|""llsuperwomanll""|""lilly singh""|""lily singh""|""lily sing""|""lilly sing""|""IIsuperwomanII""|""someone has""|""you crush""|""when you""|""lilly""|""singh""|""when someone likes you""|""when someone has a crush""|""that feeling when""|""someone likes you""|""someone has a crush on you""|""lilly singh crush""",3371669,202676,3394,20086,https://i.ytimg.com/vi/jp9hK-jY6yY/default.jpg,FALSE,FALSE,FALSE,"You know that feeling when someone has a crush on you!! Watch Lilly Singh break down the three phases of finding out someone likes her.\nSubscribe: http://bit.ly/1HiqYG0 | Follow my FB: https://facebook.com/IISuperwomanII/\nSkits: https://youtube.com/watch?v=jyxi0rfEDnE&list=PLuBXqtS2jaLMhu9PU0tAaHbnqloWibwl0\n\nIf you want to add translations, click the gear icon and go to Subtitles/CC then to Add subtitles or CC! \n\nFollow Roscoe (my boyfriend):\nInstagram: https://instagram.com/chickenanwaffles\n\nFollow IIManjeetII:\nInstagram: https://instagram.com/iiparamjeetii/\nTwitter: https://twitter.com/iiparamjeetii/\n\nFollow IIParamjeetII: \nInstagram: https://instagram.com/iimanjeetii/\nTwitter: https://twitter.com/iimanjeetii/\n\nGet HOW TO BE A BAWSE: https://lillysinghbook.com\n\nFollow IISuperwomanII:\nFacebook: https://facebook.com/IISuperwomanII/\nInstagram: https://instagram.com/iisuperwomanii/\nTwitter: https://twitter.com/iisuperwomanii\nSuperwomanVlog Channel: https://youtube.com/user/SuperwomanVlogs\nOfficial Website: http://lillysingh.com/\n\nWatch More IISuperwomanII:\nTypes Of People: https://youtube.com/watch?v=eR_nzGqYXNw&list=PLuBXqtS2jaLMu81JnF6AOnRHzG6Csbd6y\nMy Parents: https://youtube.com/watch?v=EPHMXbZml_s&list=PLuBXqtS2jaLOGQynSYvxaqUgvNl7Ovz8x\nSkits: https://youtube.com/watch?v=jyxi0rfEDnE&list=PLuBXqtS2jaLMhu9PU0tAaHbnqloWibwl0\nThe Super Rants: https://youtube.com/watch?v=KYadw8gNOok&list=PLuBXqtS2jaLPopv899QwFphiirmD_XWdq\nLatest Uploads: https://youtube.com/user/IISuperwomanII/videos?view=0&sort=dd&shelf_id=2\n\nThanks for watching and don't forget to keep smiling. You're worth it! xoxo"
gEHCXl4J9Qo,17.14.11,Taylor Swift - “New Year’s Day” Fan Performance,ABC Television Network,Entertainment,2017-11-10T02:32:15.000Z,"American Broadcasting Company|""ABC""|""ABC Network""|""Television""|""TV""|""what to watch""|""trailer""|""tv show""|""Television Program""|""Taylor Swift""|""New Year's Day""|""Performance""|""Reputation""",2237404,72593,1830,3501,https://i.ytimg.com/vi/gEHCXl4J9Qo/default.jpg,FALSE,FALSE,FALSE,"This intimate fan performance of Taylor Swift's new song, New Year's Day from her album Reputation was filmed in October in the living room of her Rhode Island home. One hundred fans, who were picked by Swift herself, were in the audience.\n \nSwift invited fans to join her for special early listening parties called “secret sessions” to get an exclusive first listen of her new music before its public release. During the sessions, Swift personally walked her fans through the inspiration and the process behind making each song.\n\nSubscribe: http://goo.gl/mo7HqT"
OWvCCu2t6Ts,17.14.11,SO Much To Tell You | 32 Weeks Pregnant | MOTHERHOOD,Sprinkleofglitter,Howto & Style,2017-11-10T16:59:50.000Z,"sprinkleofglitter|""sprinkle of glitter""|""Louise Pentland""|""motherhood""|""british mum vlogger""|""uk mum vlogger""|""32 weeks pregnant""|""3rd trimester""|""coping with SPD""|""Choosing a home birth""|""home birth after trauma""|""home birth with high bmi""",238843,10028,248,650,https://i.ytimg.com/vi/OWvCCu2t6Ts/default.jpg,FALSE,FALSE,FALSE,"A big chat about everything going on in my pregnancy right now!\nPrevious Video (Mum Style) - http://bit.ly/2mdGCE8\n\nMore of Me : \n\nTwitter - https://twitter.com/LouisePentland\nFaceBook - https://www.facebook.com/louisepentland/\nSnapchat - LouisePentland\nInsta- Louise Pentland\nRobin Wilde - http://louisepentlandnovel.com/\n\nFor business enquiries, please contact Maddie or Charlotte at my management company, Gleam Futures!\n\nAbout Me ::\n\nHi, I'm Louise! I started this channel in 2009 after readers of my blog (also called Sprinkle of Glitter) suggested I give YouTube a try. I was instantly hooked and have found my internet playground on here. I make videos about beauty & fashion, positive living, motherhood, lifestyle and occasionally have special guests (friends, kittens or my sweet Daughter Darcy). Hit the subscribe button to never miss a video again! \n\nI try to upload every Wednesday and Friday!\n\nI chat every day on my other social media (linked above) so do come and say hi! \n\nBig hugs,\n\nLouise xxx"
6p-QzY5bxJ0,17.14.11,The 'Stranger Things' Kids Were Nearly a Motown Super Group,The Late Late Show with James Corden,Entertainment,2017-11-09T06:45:55.000Z,"James Corden|""The Late Late Show""|""Colbert""|""late night""|""late night show""|""Stephen Colbert""|""Comedy""|""monologue""|""comedian""|""impressions""|""celebrities""|""carpool""|""karaoke""|""CBS""|""Late Late Show""|""Corden""|""joke""|""jokes""|""funny""|""funny video""|""funny videos""|""humor""|""celebrity""|""celeb""|""hollywood""|""famous""",5541767,263918,1502,10706,https://i.ytimg.com/vi/6p-QzY5bxJ0/default.jpg,FALSE,FALSE,FALSE,"James and the young stars of Stranger Things - Finn Wolfhard, Gaten Matarazzo, Caleb McLaughlin, and Noah Schnapp - reunite their Motown cover band The Upside Downs.\n\nMore Late Late Show:\nSubscribe: http://bit.ly/CordenYouTube\nWatch Full Episodes: http://bit.ly/1ENyPw4\nFacebook: http://on.fb.me/19PIHLC\nTwitter: http://bit.ly/1Iv0q6k\nInstagram: http://bit.ly/latelategram\n\nWatch The Late Late Show with James Corden weeknights at 12:35 AM ET/11:35 PM CT. Only on CBS.\n\nGet new episodes of shows you love across devices the next day, stream live TV, and watch full seasons of CBS fan favorites anytime, anywhere with CBS All Access. Try it free! http://bit.ly/1OQA29B\n\n---\nEach week night, THE LATE LATE SHOW with JAMES CORDEN throws the ultimate late night after party with a mix of celebrity guests, edgy musical acts, games and sketches. Corden differentiates his show by offering viewers a peek behind-the-scenes into the green room, bringing all of his guests out at once and lending his musical and acting talents to various sketches. Additionally, bandleader Reggie Watts and the house band provide original, improvised music throughout the show. Since Corden took the reigns as host in March 2015, he has quickly become known for generating buzzworthy viral videos, such as Carpool Karaoke."
fiusxyygqGk,17.14.11,Marshmello - You & Me (Official Music Video),marshmello,Music,2017-11-10T15:00:03.000Z,"selena gomez wolves|""alone marshmello""|""marshmello - alone""|""marshmellow""|""you and me""|""marshmello music video""|""marshmello you and me""|""cooking with mello""|""silence""|""wolves""|""havana""|""nuevo musica""|""nueva canciones""|""khalid""|""selena""|""alan walker""|""marshmello AMV""|""Toon53""|""Marshmello cartoon""|""cartoon""|""animated""|""animated music video""|""toons""|""cartoons""|""rick and morty""|""pickle rick""|""rollercoasters""|""roblox""|""marshmello roblox""|""naruto""|""marshmello singing""|""musically""|""top new songs""",3407008,207262,3167,13279,https://i.ytimg.com/vi/fiusxyygqGk/default.jpg,FALSE,FALSE,FALSE,PURCHASE YOU & ME HERE ▶ https://smarturl.it/melloyouandme\n\nWATCH WOLVES VERTICAL VIDEO ▶ https://youtu.be/hd2SGk90r9k\nWATCH SILENCE MUSIC VIDEO ▶ https://youtu.be/Tx1sqYc3qas\nWATCH FIND ME MUSIC VIDEO ▶ https://youtu.be/ymq1WdGUcw8\nWATCH MOVING ON MUSIC VIDEO ▶ https://youtu.be/yU0tnrEk8H4\nWATCH SUMMER MUSIC VIDEO ▶ https://youtu.be/2vMH8lITTCE\nWATCH ALONE MUSIC VIDEO ▶ https://youtu.be/ALZHF5UqnU4\nWATCH KEEP IT MELLO MUSIC VIDEO ▶ https://youtu.be/_J_VpmXAzqg\n\nSUBSCRIBE HERE ▶ http://www.youtube.com/marshmellomusic?sub_confirmation=1\n\nMARSHMELLO: \nSpotify | http://spoti.fi/2lxqzzm\nSoundCloud | http://soundcloud.com/marshmellomusic\nInstagram | http://instagram.com/marshmellomusic\nTwitter | http://twitter.com/marshmellomusic\nFacebook | http://facebook.com/marshmellomusic\n\nProduced & Directed by Toon53 Productions | https://www.toon53productions.com
QOksZ8VogRw,17.14.11,Bastille - World Gone Mad (from Bright: The Album) [Official Music Video],Atlantic Records,Music,2017-11-09T17:03:42.000Z,"music|""official""|""music video""|""Bright""|""Bright: The Album""|""Bright The Album""|""Bastille""|""World Gone Mad""|""Atlantic Records""|""will smith""|""orc""",626688,25115,499,1392,https://i.ytimg.com/vi/QOksZ8VogRw/default.jpg,FALSE,FALSE,FALSE,Bastille - World Gone Mad from Bright: The Album \n\nBright The Album Available 12/13\nPre-Order/Stream Now - https://Atlantic.lnk.to/Bright \n\nWatch Bright exclusively on Netflix starting 12/22\n\nFollow Bastille\nhttps://www.facebook.com/bastilleuk/\nhttps://www.instagram.com/bastilledan\nhttps://twitter.com/bastilledan \n\nFollow Atlantic Records\nhttps://www.facebook.com/atlanticrecords\nhttps://www.instagram.com/atlanticrecords\nhttps://twitter.com/AtlanticRecords\n\nFollow Bright\nhttps://www.facebook.com/BrightMovie/\nhttps://www.instagram.com/bright/\nhttps://www.twitter.com/brightnetflix/\n\nDirected by RJ Sanchez and Brendan Vaughan\nA Snow Beach Production
lo5ERI5nPbM,17.14.11,Sharon Needles - Andy Warhol Is Dead [Official],Sharon Needles,Music,2017-11-10T18:52:40.000Z,"Sharon Needles|""Andy Warhol Is Dead""|""Battle Axe""|""sharon""|""needles""|""andy""|""warhol""|""is""|""dead""|""battle""|""axe""|""drag""",74934,4577,292,440,https://i.ytimg.com/vi/lo5ERI5nPbM/default.jpg,FALSE,FALSE,FALSE,A Geek Mythology Production \n\nDirector Ben Simkins \nProducer Katelyn Simkins \nEdited by Katelyn and Ben Simkins\nStarring Sharon Needles\nDP Luke Askelson\nKey Grip Melanie Watson\nPA Michael Glod \nWigs Chad O'Connell\nExecutive Producer David Charpentier\n\nProducer Entertainment Group\n\nGet the single on iTunes:\nhttp://itunes.apple.com/album/id1309139954?ls=1&app=itunes\n\nGet the full album Battle Axe on iTunes:\nhttp://itunes.apple.com/album/id1288713669?ls=1&app=itunes
Ja_GMU7-sjs,17.14.11,Google Pixelbook: $1000 of Weird!,Marques Brownlee,Science & Technology,2017-11-09T21:18:33.000Z,"Google Pixelbook|""Chromebook""|""Pixel""|""$1000""|""1000 dollar""|""1000""|""expensive chromebook""|""pixelbook review""|""pixelbook pen""|""chromebook pixel""|""chromebook""|""best chromebook""|""MKBHD""",1575525,52829,1524,5864,https://i.ytimg.com/vi/Ja_GMU7-sjs/default.jpg,FALSE,FALSE,FALSE,Pixelbook is a $1000 2-in-1 laptop/tablet and it's super weird.\nGoogle Pixelbook (i5): http://amzn.to/2hX8yr5\nThat hoodie: http://amzn.to/2hiy9dE\n\nVideo Gear I use: http://kit.com/MKBHD/video-gear#recommendation17959\n\nIntro Track: Drugs by Alltta\n\n~\nhttp://twitter.com/MKBHD\nhttp://snapchat.com/add/MKBHD\nhttp://google.com/+MarquesBrownlee\nhttp://instagram.com/MKBHD\nhttp://facebook.com/MKBHD
_6ViZ13mN9I,17.14.11,GSP and Tyron Woodley Talk About Their Potential Super Fight | The Hollywood Beatdown,TMZSports,Sports,2017-11-10T21:52:31.000Z,"TMZ|""TMZ Sports""|""TMZ Sports Channel""|""TMZ 2017""|""TMZ Sports 2017""|""Celebrity""|""Sports""|""Athletes""|""TMZ News""|""Famous""|""Hall of Fame""|""Sports News""|""TMZ2016FS11221""|""The Hollywood Beatdown""|""Tyron Woodley""|""UFC Tyron Woodley""|""UFC Champion Tylor Woodley""|""GSP""|""George St Pierre""|""Michael Bispin""|""UFC Fight""|""Tyron Woodley GSP Fight""|""Tyron Woodley George St Pierre""|""Conor McGregor""|""UFC Conor Mcgregor""|""Roy Halladay""|""Celine Dion""|""Steve Aoki""|""Celine dion My heart will go on live""",86296,629,77,642,https://i.ytimg.com/vi/_6ViZ13mN9I/default.jpg,FALSE,FALSE,FALSE,"Every Friday on TMZ Sports UFC Welterweight Champion Tyron The Chosen One Woodley dishes on his favorite stories in the world of Hollywood and Sports. Hear what Tyron is FIRED UP about, who he wants to PUNCH IN THE FACE, and his honest take on a story we like to call On The Real, Though.\n\nSUBSCRIBE -- http://po.st/TMZSportsSubscribe\n\nAbout TMZ Sports:\nSome of the best stories in sports have been off the field and we’re reporting on athletes from NFL, NBA, UFC, WWE, MLB and more!  \n\nSubscribe to TMZ Sports on YouTube for the latest news, exclusive interviews, clips from TMZ Sports on FS1 and videos of your favorite athletes and celebs. \n\nNeed More TMZ?\nTMZ Sports Website: http://po.st/TMZSportsWebsite\nLIKE TMZ Sports on Facebook!http://po.st/TMZSportsLike\nFOLLOW TMZ on Twitter! http://po.st/TMZFollow\nFOLLOW TMZ on Instagram! http://po.st/TMZInsta\nTMZ on TV & TMZ Sports on FS1 Tune In Info: http://po.st/TMZOnAir\nTMZ is on iOS! http://po.st/TMZiOS\nTMZ is on Android! http://po.st/TMZonAndroid\n\nGot a Tip?\nContact TMZ: http://po.st/TMZTip\n\nCheck out TMZ, TMZ Live, and toofab!\nTMZ: http://po.st/TMZWebsite\nSubscribe! TMZ: http://po.st/TMZSubscribe\nTMZ Live: http://po.st/TMZLiveWebsite\nSubscribe! TMZ Live: http://po.st/TMZLiveSubscribe\nToofab: http://po.st/toofabWebsite\nSubscribe! toofab: http://po.st/toofabSubscribe\n\nhttps://www.youtube.com/c/tmzsports"
F62QpaPWXDI,17.14.11,THE CHEAPEST & BEST EYESHADOWS?,Jamie Genevieve,People & Blogs,2017-11-09T18:18:59.000Z,"jamie genevieve|""bblogger""|""youtuber""|""makeup""|""tutorial""|""how to""|""vlog""|""makeup tutorial""|""bleach london""|""louder powder""|""bleach london eyeshadows""|""cheapest eyeshadows""",110769,5029,81,305,https://i.ytimg.com/vi/F62QpaPWXDI/default.jpg,FALSE,FALSE,FALSE,"Subscribe and join the fam! http://www.youtube.com/jamiegenevieve\n\nHey guys! So excited to show you guys these shadows from BLEACH London. What do you think? J x\n\nPRODUCTS\n\nBleach London Louder Powder Single Eyeshadows (TD 2ma, TD ma, PH 4ma, AP 4ma, OTB 5ma)  - http://bit.ly/2yWuDQD\n\nBleach London Glitterati Single Glitter (Washed Up Mermaid) - http://bit.ly/2yXMeHU\n\nBleach London Large Palette - http://bit.ly/2yXKDlo\n\nTarte Shape Tape - http://bit.ly/2yWcpyp\n\nFenty Beauty Universal Powder - http://bit.ly/2yVwHIx\n\nLily Lashes in Mykonos - http://bit.ly/2gUV42b\n\nMac Yash Lipstick - http://bit.ly/2gVd0cY\n\nTarte - Tartiest Gloss Lip Paint -  http://bit.ly/2yX7Gg0\n\nFAVE EVER BRUSHES\n\nEYES & BROWS\nZoeva Complete Eye Set - http://bit.ly/2uGWKg9\nZoeva 224 - http://bit.ly/2upoieJ\nZoeva Shader - http://bit.ly/2uGJxUZ\nZoeva Pencil - http://bit.ly/2uGl5mD\nMorphe M507 - http://bit.ly/2uppCOJ\nMAC 224 - http://bit.ly/2uGoD88\nDose of Colors Concealer Brush - http://bit.ly/2uGM9lB\nDose of Colors Shader Brush - http://bit.ly/2up6QXU\n\nFACE\nZoeva Complete Face Set - http://bit.ly/2uGUhT6\nZoeva Powder Fusion - http://bit.ly/2uGnL3s\nCharlotte Tilbury Blush Brush - http://bit.ly/2upQazr\nCharlotte Tilbury Powder & Sculpt Brush - http://bit.ly/2uGgXD6\nBlank Canvas Buffing Brush - http://bit.ly/2uGTz8o\nPro Beauty Blender - http://bit.ly/2upF7q9\nMorphe M407 - http://bit.ly/2uH1YJ0\n\nMakeup Artist Starter Set - http://bit.ly/2upOZ35\nSmith Brushes - https://www.smithcosmetics.com/collections/brushes\n\n\nEQUIPMENT\nNew Filming Camera: http://bit.ly/2rOAl01\nOld Filming Camera (bit cheaper but still good) :  http://bit.ly/2t3Ibqb\nPhoto/Vlog Camera: http://bit.ly/2tGTHW2\nComputer: http://bit.ly/2t7EpwJ\nLaptop: http://bit.ly/2s87bs8\nRing Light: http://amzn.to/2kFz36Y\nSoft Boxes: http://amzn.to/2jUzeY0\nEditing Software: Final Cut Pro\n\n\nBE MY FRIEND:\nInstagram - http://www.instagram.com/jamiegenevieve\nTwitter - http://www.twitter.com/jamie_genevieve\nYouTube - http://www.youtube.com/jamiegenevieve\nSnapchat - jamie_genevieve\n\nDISCLAIMER:  Some of the above links are affiliate links, which means that if you click and make a purchase I may receive a small commission. This helps support my channel and allows me to continue to make videos like this! Thank you so much for the support.\n\nThis video was not sponsored.\n\nJ x"
g5c1bk8weaQ,17.14.11,FIRST TIME IM DOING THIS! TALKS WITH LIZA.,Liza Koshy,Comedy,2017-11-10T03:43:43.000Z,"liza|""lizza""|""lizzza""|""lizzzavine""|""lizzzak""|""lizzzako""|""koshy""|""lizakoshy""|""wednesdays""|""top picks topics""|""conversations""|""boob talk""|""period talk""|""girl talk""|""talking to you""|""liza q and a""|""liza topics""|""liza koshy""|""liza koshy too""|""liza koshy characters""|""tea with liza""|""boobs""|""boob size""|""breast milk""|""having kids""|""when im having kids""|""liza pregnant""|""liza david pregnant""|""liza david kids""|""naming kids""|""kids names""|""comedy""|""improv""|""sketch""|""series""",3578502,307435,2573,12248,https://i.ytimg.com/vi/g5c1bk8weaQ/default.jpg,FALSE,FALSE,FALSE,"Having kids, having anxiety and not having boobs! Talking topics YOU tweeted! Trying something new here, and trying hard per usual lol. Thanks for watching babes! Stalk my other social medias down below: \n••••••••••••••••••••••••••••••••••••••••­­­•••••••••••\nHelp yourself to this website! https://www.mentalhealth.gov/\n••••••••••••••••••••••••••••••••••••••••­­­•••••••••••\nFun editing bits by: JOE VULPIS!\nCheck out this video of Joe and I (Comment LIZA IS CUTER THAN DAVID!) : https://youtu.be/oMO0Yix71Cg\n••••••••••••••••••••••••••••••••••••••••­­­•••••••••••\nKeep up with this little brown girl!\nINSTAGRAM: http://instagram.com/lizakoshy\nTWEET ME: http://twitter.com/lizakoshy @LIZAKOSHY\nSNAPCHAT: @lizakoshysnaps\nMUSICAL.LY: @lizakoshy\nBUSINESS INQUIRIES: LizaKoshyPartner@gmail.com\n••••••••••••••••••••••••••••••••••••••••­­­•••••••••••\nMusic Creds: \n•Jou Beats - Brasil\n••••••••••••••••••••••••••••••••••••••••­­­•••••••••••\nWATCH MY OTHER VIDS!\nTARGET WITH LIZZZA PART 2!: https://www.youtube.com/watch?v=weGc3...\nWORLD'S BEST BEAUTY HACKS!: https://www.youtube.com/watch?v=w38IG...\nMEET JET!!: https://www.youtube.com/watch?v=6-u9o...\n••••••••••••••••••••••••••••••••••••••••­­­•••••••••••\nPLEASE SUBSCRIBE!\nwww.youtube.com/lizakoshy\nwww.youtube.com/lizakoshytoo\n••••••••••••••••••••••••••••••••••••••••­­­•••••••••••\nThank you, lil talking thots lol\n\nLove,\nLiza"
3qYt_fXdaXY,17.14.11,Sweetie destroys Flav (Sweetie vs. Flavor Flav),Foolmarkt,Entertainment,2016-08-06T12:25:20.000Z,"flavor of love|""fighting""|""sweetie""|""flavor flav""|""vh1""|""fight""|""reality tv""|""tiffany pollard""|""best fight""",28960,399,14,114,https://i.ytimg.com/vi/3qYt_fXdaXY/default.jpg,FALSE,FALSE,FALSE,episode 4
Y5MqpKlKiSM,17.14.11,Decluttering My Life ✨,Gabriella Lindley,Entertainment,2017-11-10T15:42:33.000Z,"weekly vlog|""daily vlog""|""gabbie lindley""|""gabby lindley""|""gabriella lindley""|""gabriella""|""vlogtober""|""vlogmas""|""november vlogs""",106122,5364,153,284,https://i.ytimg.com/vi/Y5MqpKlKiSM/default.jpg,FALSE,FALSE,FALSE,WATCH NEXT - \nFeeling Left Out 😞 : https://www.youtube.com/watch?v=57gS07a7eKs&t=384s \n\n👽 I HAVE MERCH! : http://bit.ly/GabbiesMerch\n\nYou can also find me here.. \nMAIN CHANNEL : http://youtube.com/velvetgh0st\nTWITTER : http://twitter.com/velvetgh0st\nINSTAGRAM : http://instagram.com/velvetgh0st\nDEPOP : velvetgh0st\n\nFollow my BOOB JOB journey here! \nDAY 1 : http://bit.ly/1NYiZEU\nDAY 2 : http://bit.ly/1muD4IE\nDAY 3 : http://bit.ly/1J9uOI9\n\nTHE CAMERA I USE\nCanon 70D : http://bit.ly/1gS8tm2\nSigma f1.8 35mm Lens : http://amzn.to/1KW5P8n\nMy Vlog Camera - Canon G7X Mark ii : http://bit.ly/2bRC3HI
xg9ebVTL9yE,17.14.11,Empire Of The Sun - Way To Go,empireofthesunvevo,Music,2017-11-10T05:00:06.000Z,"Empire|""Of""|""The""|""Sun""|""Way""|""To""|""Go""|""EMI""|""Alternative""|""eots""|""waay""|""too""|""goo""|""emipre of the sun""|""son""|""electronic""|""edm""|""australian""|""adm""|""aussie music. triplej""|""like a version""|""two leaves""|""flume""|""alison wonderland""|""cut copy""|""pnau""|""mgmt""|""hot chip""|""the presets""|""phoenix""|""hermitude""|""Nobumichi Asai""|""Ryo Kitabatake""",138988,7999,84,612,https://i.ytimg.com/vi/xg9ebVTL9yE/default.jpg,FALSE,FALSE,FALSE,"Download or stream “Way to Go” by Empire of the Sun: https://EmpireOfTheSun.lnk.to/OnOurWayHome \n\nConnect with Empire of the Sun: \nhttps://www.facebook.com/empireofthesun/\nhttps://twitter.com/EmpireOfTheSun\nhttps://www.instagram.com/empireofthesunsound/\n\nCreative Director: Nobumichi Asai [WOW inc.]\nDirector: Ryo Kitabatake [WOW inc.]\nCG Designer: Tsutomu Miyajima [WOW inc.]\nCG Designer: Daisuke Morikawaki [WOW inc.]\nCG Designer: Shota Oga [WOW inc.]\nTechnical Director: Nobumichi Asai [WOW inc.]\nProducer: Nobumichi Asai [WOW inc.]\nAssistant Producer: Ayaka Motoyoshi [WOW inc.]\n\nCamera: Kimihiro Morikawa\nLighting Director: Ryu Shima [NAGAIHOSHI Co.,Ltd.]\nHair&Make-up: Ina\nStylist: DAN\n\nCompositor & Colourist: Akio Sakamaki [jitto inc.]\n\nDigital Humans & Performance Capture: [ZUKUN LABORATORY]\n\nProducer: Kazuhiko Mino\nMotion Capture Supervisor: Kenya Miki\nFacial Capture Supervisor: Hiromu Kinoshita\nDigital Artist: Tomoya Tanaka\nDigital Artist: Deng Xiaohui\nDigital Artist: Cheng Ze\nDigital Artist: Satoko Itakura\nMotion Capture Specialist: Yuuka Tomita\nMotion Capture Specialist: Kouta Isomura\nMotion Capture Specialist: Kazuya Takahashi\nMotion Capture Specialist: Riku Okada\nMotion Capture Specialist: Rina Sawada\nFacial Capture Specialist: Taisei Kurita\nFacial Capture Specialist: Manami Kira\nFacial Capture Specialist: Diogo Ribeiro\nCG Project Manager: Yuko Sadaki\nCG Producer: Sawami Takahashi\nProduction Supervisor: Ayumu Kasai\n\n【Special Thanks】\nTranslator: Mika Iwasaka \nTranslator: Michiru Sasaki  [WOW inc.]\nTranslator: Sumiko Shiraishi [F.O.A. Inc.]\n\nLyrics: \n\nsurfing the snow\nare you ready for \na revolution to show the way \nseven more weeks until the day\n\nbecause heart breaks come in an bend us the wrong way \nplaces memory are changing into all things\n\ndoesn’t matter whats tripping you out theres ways to go\nthis is where we get carried away enough to start again\n\nwhat I see\nis nothing like before\ndreaming is the home of the brave \nfuture is the healing of pain\n\nbecause heart breaks come in an bend us the wrong way \nplaces memory are changing into all things\n\ndoesn’t matter whats tripping you out theres ways to go\nthis is where we get carried away enough to start again\ndoesn’t matter whats tripping you out theres ways to go\nthis is where we get carried away enough to start again \n\nlike a cannonball\nshot across the floor\nwe have found a way through the darkest hour\nlike a cannonball\nshot across the floor\nwe have little time for worry\n\ndoesn’t matter whats tripping you out theres ways to go\nthis is where we get carried away enough to start again\ndoesn’t matter whats tripping you out theres ways to go\nthis is where we get carried away enough to start again \ndoesn’t matter whats tripping you out theres ways to go\nthis is where we get carried away enough to start again \n\n© 2016 The Sleepy Jackson Pty Ltd and Nick Littlemore, under exclusive licence to Universal Music Australia Pty Ltd"
J_QGZspO4gg,17.14.11,Sia - Snowman,SiaVEVO,Music,2017-11-09T15:45:05.000Z,Sia Snowman Holiday,1624771,84426,1130,5981,https://i.ytimg.com/vi/J_QGZspO4gg/default.jpg,FALSE,FALSE,FALSE,"Move over Frosty Snowman is here! Stream & download the song now https://fanlink.to/snowman\nPre-order Everyday Is Christmas, out November 17:https://sia.lnk.to/christmas\n\nUpcoming tour dates - http://siamusic.net/tour\n\nFollow Team Sia's Ear Candy on Spotify http://spoti.fi/1LMlB7X \nSubscribe to Sia on YouTube: http://bit.ly/1sudphS \nWebsite: http://siamusic.net \nTwitter: http://twitter.com/sia \nInstagram: http://instagram.com/SiaThisIsActing \nFacebook: http://facebook.com/siamusic \nSpotify: http://spoti.fi/1fKpbS0 \n\nPlaylist Best of Sia https://goo.gl/99ubCj \nSubscribe for more https://goo.gl/UA7cug\n\nMusic video by Sia performing Snowman. 2017 Monkey Puzzle Music, Inc., under exclusive license to Atlantic Recording Corporation for the United States and WEA International for the world outside of the United States.\nBest of Sia: https://goo.gl/5UhyPz\nSubscribe here: https://goo.gl/68vUAG"
cUtYh_ZUjqc,17.14.11,You Know You’re British When… | The December Issue | British Vogue,British Vogue,Entertainment,2017-11-10T00:00:02.000Z,"Vogue|""Vogue Video""|""British Vogue""|""Vogue Magazine""|""Fashion""|""Style""|""British Style""|""British Fashion""|""British""|""Behind The Scenes""|""edward enninful""|""sadiq khan""|""millie bobby brown""|""naomi campbell""|""adwoa aboah""|""christopher bailey""|""victoria beckham""|""gwendoline christie""|""journdan dunn""|""edward enninful vogue""|""sadiq khan vogue""|""naomi campbell vogue""|""millie bobby brown vogue""|""adwoa aboah vogue""|""victoria beckham vogue""|""gwendoline christie vogue""|""jourdan dunn vogue""|""vogue december issue""",71231,1881,182,316,https://i.ytimg.com/vi/cUtYh_ZUjqc/default.jpg,FALSE,FALSE,FALSE,"In tribute to the December edition of Vogue – Edward Enninful’s first as editor-in-chief of the title, and a celebration of all things British – Vogue asks the stars of #NewVogue to share their views and complete the sentence “You know you're British when…”\nSubscribe to British Vogue's YouTube Channel ►► http://vogue.uk/YouTubeSubscribe\n \nSubscribe to British Vogue ►► http://vogue.uk/MagazineSubscribe\n\nCONNECT WITH BRITISH VOGUE\nWeb: http://po.st/BritishVogueVideo\nTwitter: http://po.st/TwitterBritishVogue\nFacebook: http://po.st/FacebookBritishVogue\nGoogle+: http://po.st/GoogleBritishVogue\nInstagram: http://po.st/InstagramBritishVogue\nPinterest: http://po.st/PinterestBritishVogue\nNewsletter: http://po.st/NewsletterBritishVogue\n\nABOUT BRITISH VOGUE\nBritish Vogue is the world’s leading premium lifestyle and fashion entertainment channel. Weekly releases and brand new original programming including short films, series and in-depth documentaries, British Vogue’s channel is the ultimate destination for unprecedented access into the world of fashion, beauty and culture.\n\nYou Know You’re British When… | The December Issue | British Vogue\nhttps://www.youtube.com/user/vogue"
E7ykb1geOoU,17.14.11,A Veteran speaks on Remembrance Day,Novara Media,News & Politics,2017-11-11T13:39:47.000Z,"media|""politics""|""current affairs""|""news""|""journalism""|""communism""|""socialism""|""anarchism""|""left""|""left wing""|""leftism""|""leftist""|""united kingdom""|""uk""|""britain""|""europe""|""crisis""|""finance""|""finances""",3308,240,16,42,https://i.ytimg.com/vi/E7ykb1geOoU/default.jpg,FALSE,FALSE,FALSE,"Joe Glenton on what we should be thinking about this Remembrance Day.\n\nhttp://support.novaramedia.com\n\nThe UK is facing an economic crisis, falling living standards, a climate crisis, the rise of the far-right. More than ever, we need a resilient Left. This means we need a strong Left media, capable of thinking honestly about the issues facing us, tackling these issues head-on, as well as reaching out to those who aren’t yet on side. Our wide range of output – from listicles to essays, from punchy videos to in-depth discussions – does exactly that.\n\nBut all this costs money: studio rent, equipment, contributor fees and digital infrastructure. We do a lot with a little, but we can’t do anything with nothing. We won’t charge for content or cash in on sponsorship deals with Pepsi. We don’t have private fortunes, or state backers, or big capital behind us – we just have you.\n\nNot everyone can afford to give – but if you enjoy our work, and you believe in what we’re doing, maybe you could forego a couple of your preferred beverages this month and lend us a hand instead. In the longer term, growing our regular subscriber base will allow us to meet the future well-prepared – so if you can spare a few quid a month, why not sign up for a regular subscription?\n\nWe’ve achieved so much already – but the truth is, we’ve barely begun. Be a part of the change. Help us build a new media for a different politics."
pHE8nIB6j2U,17.14.11,Chayanne - Choka Choka (Official Video) ft. Ozuna,chayanneVEVO,Music,2017-11-10T14:00:04.000Z,"Chayanne ft. Ozuna|""Chayanne ft. Ozuna Music""|""Chayanne ft. Ozuna Official Video""|""Chayanne ft. Ozuna Video""|""Chayanne ft. Ozuna Video Oficial""|""Chayanne ft. Ozuna Nuevo Video""|""Chayanne ft. Ozuna New Video""|""Choka Choka Official Video""|""Official Video""|""Choka Choka Single""|""Single""|""Chayanne ft. Ozuna New Single""|""Chayanne ft. Ozuna Single""|""Chayanne ft. Ozuna Choka Choka""|""Chayanne feat. Ozuna""|""Choka Choka""|""Latin Pop""|""Sony Music Latin""",5331049,126078,10294,5903,https://i.ytimg.com/vi/pHE8nIB6j2U/default.jpg,FALSE,FALSE,FALSE,Chayanne® ft. Ozuna - Choka Choka (Official Music Video)\n“Choka Choka” is now available on these digital platforms!\niTunes: http://smarturl.it/ChokaChoka\nApple Music: http://smarturl.it/ChokaChokaA\nSpotify: http://smarturl.it/ChokaChokaS\nAmazon Music: http://smarturl.it/ChokaChokaAm\nGoogle Play: http://smarturl.it/ChokaChokaGP\nLinkfire: https://SML.lnk.to/ChokaChoka\n\nFollow Chayanne®!\nOfficial Site: https://www.chayanne.com\nFacebook: https://www.facebook.com/CHAYANNE\nTwitter: https://www.twitter.com/chayannemusic\nInstagram: https://www.instagram.com/chayanne\n\nFollow Ozuna!\nInstagram: https://www.instagram.com/ozunapr\nFacebook: https://www.facebook.com/ozunapr\nTwitter: https://twitter.com/ozunapr\nSpotify: http://spoti.fi/2tzO4Zv\nApple Music: http://apple.co/2uu3phf\nOfficial music video by Chayanne® ft. Ozuna performing Choka Choka. (C) 2017 Sony Music Entertainment US Latin LLC\nBest of Chayanne: https://goo.gl/omYuYr\nSubscribe here: https://goo.gl/d97sWH
dwkNG9qeYIY,17.14.11,UK Bike Skills Autumn Ladder Riding,UK Bike Skills,People & Blogs,2017-11-11T12:50:38.000Z,"mountain bike|""mtb""|""enduro""|""north shore""|""mountain bike coaching""|""riding""|""skinny""",2464,33,6,9,https://i.ytimg.com/vi/dwkNG9qeYIY/default.jpg,FALSE,FALSE,FALSE,You Can Find Me Here: \n\nWebsite: http://www.ukbikeksills.co.uk\n\nEmail: info@ukbikeskills.co.uk\n\nBlog: http://www.ukbikeskills.co.uk\n\nTwitter: http://www.twitter.com/ukbikeskills\n\nInstagram: http://www.Instagram.com/ukbikeskills\n\nFacebook: http://www.facebook.com/ukbikeskills/\n\n\nPivot Mach 6 Bike*: http://contourcycles.co.uk/\nHelmets*: https://kaliprotectives.com\nClothing*: https://www.dakine.com/en-us/\n\nThis video is not sponsored.
z7VBtM7clT4,17.14.11,Justice League Movie Cast Reveal Funniest Moments Together | MTV Movies,MTV International,Entertainment,2017-11-09T15:05:03.000Z,"mtv|""uk""|""official""|""justice league""|""dc""|""dc comics""|""super man""|""superman""|""batman""|""bat man""|""wonder woman""|""wonderwoman""|""aquaman""|""aqua man""|""cyborg""|""flash""|""the flash""|""gal gadot""|""ben affleck""|""ezra miller""|""ray fisher""|""jason momoa""|""henry cavill""|""justice league funniest moments""|""behind the scenes""|""justice league behind the scenes""|""new justice league movie""|""movies 2017""",82639,1267,38,189,https://i.ytimg.com/vi/z7VBtM7clT4/default.jpg,FALSE,FALSE,FALSE,"Ben Affleck, Gal Gadot, Jason Momoa, Ezra Miller, Henry Cavill and Ray Fisher reveal their funniest moments together from making Justice League, and their favourite things about each other. Aww, who knew this superteam was SO CUTE? \n\nSubscribe to MTV for more great videos and exclusives! https://www.youtube.com/channel/UCuwUfM8E79h2sqp34Fut6kw\n\nGet social with MTV @ \n💋 Twitter: https://twitter.com/MTVUK \n🍺 Instagram: http://instagram.com/mtvuk \n💅 Tumblr: http://mtvuk.tumblr.com\n🍿 Facebook: https://www.facebook.com/mtvuk \n🎷 Official: http://www.mtv.co.uk"
7fm7mll2qvg,17.14.11,Sigrid - Strangers (Lyric Video),SigridVEVO,Music,2017-11-10T00:00:00.000Z,"Sigrid|""Strangers""|""Island""|""Records""|""Pop""",91776,4604,46,357,https://i.ytimg.com/vi/7fm7mll2qvg/default.jpg,FALSE,FALSE,FALSE,Listen to Strangers here: https://Sigrid.lnk.to/StrangersID\n\nMusic video by Sigrid performing Strangers. (C) 2017 Universal Music Operations Limited\n\nhttp://vevo.ly/PE6pLX
QFfEtKvXMAs,17.14.11,Niall Horan - Too Much To Ask (Acoustic),NiallHoranVEVO,Music,2017-11-10T17:00:05.000Z,"Niall Horan|""Niall""|""Horan""|""Too Much To Ask""|""Too Much Too Ask""|""To Much To Ask""|""To Much Too Ask""|""TMTA""|""Too Much To Ask Acoustic""|""Too Much Too Ask Acoustic""|""To Much To Ask Acoustic""|""To Much Too Ask Acoustic""|""TMTA Acoustic""|""Acoustic""|""Acoustic Video""",419341,53572,168,3083,https://i.ytimg.com/vi/QFfEtKvXMAs/default.jpg,FALSE,FALSE,FALSE,Get Niall's album Flicker featuring 'Too Much to Ask' everywhere now: http://niall.to/FlickerYD\n\nFollow Niall:\nhttps://www.facebook.com/Niallofficial/\nhttps://twitter.com/NiallOfficial\nhttps://www.instagram.com/niallhoran/\nhttp://niall.to/websiteYD\n\nMusic video by Niall Horan performing Too Much To Ask. (C) 2017 Neon Haze Music Ltd under exclusive license to Capitol Records\n\nhttp://vevo.ly/bWKUOi\n\nBest of Niall Horan https://goo.gl/ZZfw2b\nNiall Horan - Audio Videos https://goo.gl/wKZzFM\n\nSubscribe for more https://goo.gl/ApUhRc
6RyOsIseJbk,17.14.11,Reading #3,John Conforti,People & Blogs,2017-11-05T20:43:48.000Z,"Rick Astley|""Never Gonna Give You Up""|""funny wedding""|""funny wedding reading""|""wedding reading""|""funny reading""",422874,4935,177,202,https://i.ytimg.com/vi/6RyOsIseJbk/default.jpg,FALSE,FALSE,FALSE,"A wonderful friend of the bride and groom writes an original piece for their wedding ceremony. \n\nCamera by: Ian Boucher\n\nTo use this video in a commercial player or in broadcasts, please email licensing@storyful.com\n\nFollow Adam on Twitter @adamlauver\n\nFollow Adam (Reader) and John (Groom)'s sketch comedy troupe Happy Time Explosion Show on YouTube: happytimeexplosion"
qEEtzzi1EII,17.14.11,Birthdays - Simon's Cat | GUIDE TO,Simon's Cat,Pets & Animals,2017-11-09T13:34:58.000Z,"cartoon|""simons cat""|""simon's cat""|""simonscat""|""simon tofield""|""simon the cat""|""funny cats""|""cute cats""|""cat fails""|""family friendly""|""animated animals""|""animated cats""|""tofield""|""simon's katze""|""simon""|""cat""|""black and white""|""kitty""|""black and white cat""|""Кот Саймона""|""cat lovers""|""animal (film character)""|""fail""|""funny cat""|""cats""|""cute""|""kitten""|""kittens""|""pets""|""simons cats""|""Cat""|""Simon""|""Tofield""|""cartoons""|""Toons""|""Animated""|""Animation""|""Kitten""|""Funny""|""Humour""|""videos""|""Guide to Birthdays""|""Birthdays Simon's Cat""|""Cat Birthday""",426078,19323,245,945,https://i.ytimg.com/vi/qEEtzzi1EII/default.jpg,FALSE,FALSE,FALSE,"Watch Simon's Cat's Guide To Birthdays! \nSUBSCRIBE HERE - http://bit.ly/scytsubs\nDid you know Simon's Cat will be 10 years old in 2018?\n\nDirected by: Simon Tofield\nConcept, Design & Composition: Liza Nechaeva\nAnimation & Colouring: Jack Sleeman\n\nProducer: Emma Burch\nProduction Manager: Rebecca Warner-Perry\nAssociate Producer: Edwin Eckford\nMusic: Audio Network library\n\nHave you visited the official Simon's Cat website?\nOfficial Website: http://www.simonscat.com\n\nStay connected with Simon's Cat on your favourite websites:\nFacebook: http://facebook.com/simonscat\nGoogle+: http://plus.google.com/+SimonsCat\nTwitter: http://twitter.com/SimonsCat\nInstagram: https://www.instagram.com/simonscatof...\nTumblr: http://simonscat.tumblr.com/\nPinterest: http://pinterest.com/simonscat\n\nWant to see more of our Black & White films? \nCheck out our play list here: http://www.goo.gl/FkqgHw\n\nWant to know more about the history of Simon's Cat?\nWatch the Simon's Cat Story here - http://goo.gl/Vfx2JS \n\nFAQs:\n\nQ. What happen to your crowdfunded film Off to the Vet?\nA: Off to the Vet is now available in FULL on YouTube! Watch it here - https://youtu.be/GTUruS-lnEo\n\nQ. What software do you use?\nA. Simon's Cat was originally made using Adobe Flash. Later films were produced in TV Paint and most recent films are made with CelAction animation software.\n\nQ. Where can I buy Simon’s Cat merchandise?\nA. You can purchase Simon's Cat products from the official web"
rL4WkebTT_U,17.14.11,Where is TOKYO'S GREATEST View?,Abroad in Japan,Entertainment,2017-11-09T15:06:34.000Z,"tokyo|""japan""|""skytree""|""metropolitan""|""tower""|""japanese""|""observation""|""odaiba""",151709,9210,71,1103,https://i.ytimg.com/vi/rL4WkebTT_U/default.jpg,FALSE,FALSE,FALSE,Tokyo has some premium romantic views. Let's check them out.\n►Patreon: http://patreon.com/abroadinjapan\n►Tshirts & Merch: http://redbubble.com/people/abroadinjapan
8l_e6bx8UG8,17.14.11,Remy Ma - Wake Me Up (Audio) ft. Lil' Kim,RemyMaVEVO,Music,2017-11-08T17:00:00.000Z,"Columbia|""Hip Hop""|""Remy Ma feat. Lil' Kim""|""Wake Me Up""",1231518,32648,6221,9288,https://i.ytimg.com/vi/8l_e6bx8UG8/default.jpg,FALSE,FALSE,FALSE,Remy Ma - Wake Me Up featuring Lil' Kim (Official Audio)\n\nGet Wake Me Up here: http://smarturl.it/WMU \n\nFollow Remy Ma: \nFacebook: https://www.facebook.com/Remy-Ma-1564469653829093/\nInstagram: https://www.instagram.com/remyma/ \nTwitter: https://twitter.com/RealRemyMa
N8U2EPiEbZo,17.14.11,A PRE WEDDING PAMPER | Lydia Elise Millen,Lydia Elise Millen,People & Blogs,2017-11-09T21:18:34.000Z,"ASOS HAUL|""HAUL""|""LUXURY HAUL""|""DESIGNER HAUL""|""ASOS""|""NET A PORTER HAUL""|""HIGH END HAUL""|""LUXURY""|""FASHION""|""SHOE COLLECTION""|""HANDBAG COLLECTION""|""LYDIA ELISE MILLEN""|""ALI GORDON""|""WEDDING PLANNING""|""GETTING MARRIED""|""BRIDE TO BE""|""WEDDING PREP""|""INSTAGRAM COUPLE""|""COME TO THE SPA WITH ME""|""SPA TRIP""|""VLOGGER""|""VLOGMAS""|""VLOGMAS 2017""|""VLOGMAS 2016""|""DAILY VLOGGER""|""LIFESTYLE VLOG""|""COSEY VLOG""",181351,3946,295,335,https://i.ytimg.com/vi/N8U2EPiEbZo/default.jpg,FALSE,FALSE,FALSE,"MOVING HOUSE AND PLANNING A WEDDING MEANS I NEEDED SOME SERIOUS DOWN TIME.\n\n\n\nThis video contains a paid for promotion.\n___\n\nSUBSCRIBE - https://www.youtube.com/user/lydiamillen\nBLOG - https://www.lydiaelisemillen.com\nTWITTER - https://twitter.com/LydiaEmillen\nINSTAGRAM - https://instagram.com/lydiaemillen\nFACEBOOK - https://www.facebook.com/lydiaelisemillendotcom\nSNAPCHAT - LYDIAEMILLEN\n\n___\nFEATURED PRODUCTS\n\nFind your nearest spa for an ELEMIS treatment: https://www.elemis.com/spa-locator/?utm_source=LydiaMillen&utm_medium=referral&utm_campaign=influencers&utm_content=video1\n \nProducts mentioned:\nPro-Collagen Hydra-Gel Eye Masks: https://www.elemis.com/pro-collagen-hydra-gel-eye-masks.html?utm_source=LydiaMillen&utm_medium=referral&utm_campaign=influencers&utm_content=video2\nPro-Collagen Marine Mask: https://www.elemis.com/pro-collagen-marine-mask.html?utm_source=LydiaMillen&utm_medium=referral&utm_campaign=influencers&utm_content=video3\nDynamic Resurfacing Gel Mask: https://www.elemis.com/dynamic-resurfacing-gel-mask.html?utm_source=LydiaMillen&utm_medium=referral&utm_campaign=influencers&utm_content=video4\nFrangipani Monoi Body Oil: https://www.elemis.com/frangipani-monoi-body-oil.html?utm_source=LydiaMillen&utm_medium=referral&utm_campaign=influencers&utm_content=video5\nFortitude Bath & Shower Elixir: https://www.elemis.com/life-elixirs-fortitude-bath-shower-elixir.html?utm_source=LydiaMillen&utm_medium=referral&utm_campaign=influencers&utm_content=video6\nPapaya Enzyme Peel: https://www.elemis.com/papaya-enzyme-peel.html?utm_source=LydiaMillen&utm_medium=referral&utm_campaign=influencers&utm_content=video7\nDe Stress Massage Oil: https://www.elemis.com/de-stress-massage-oil.html?utm_source=LydiaMillen&utm_medium=referral&utm_campaign=influencers&utm_content=video8\nEnergy Vitality Supplements: https://www.elemis.com/body-enhancement-capsules-energy-vitality.html?utm_source=LydiaMillen&utm_medium=referral&utm_campaign=influencers&utm_content=video9\nQuiet Mind Temple Balm: https://www.elemis.com/quiet-mind-temple-balm.html?utm_source=LydiaMillen&utm_medium=referral&utm_campaign=influencers&utm_content=video10\n \n\n___\nWHAT I'M WEARING\n\nVEST - http://rstyle.me/n/ct42utvj2e\nLEGGINGS - PRIMARK LIGHT CONTROL\nCOAT - http://rstyle.me/~a67uM\nSCARF - http://rstyle.me/n/ct42w2vj2e\nBAG - http://rstyle.me/~a67g3\nTRAINERS - http://rstyle.me/~aahYD\nHAPPY WIFEY JUMPER - https://happywifey.com/\nHARRODS PYJAMAS - SIMILAR http://rstyle.me/~aahZu\nDRESSING GOWN - http://rstyle.me/n/csekh3vj2e\nCASHMERE ROBE - http://rstyle.me/~a8F3u\nSWIMSUIT - SIMILAR http://rstyle.me/~aahZY\n                    - http://rstyle.me/n/ct426tvj2e\n\n\n___\n\nYOU CAN SEND ME LETTERS\n \nLydiaelisemillen.com\nPO Box 6355\nMilton Keynes\nMK10 1DX\n___\n\nI USE AFFILIATE LINKS\nYou as a customer do not pay more because I have used an affiliate link, it does not affect you in any way other than a small percentage of the sale may go to the person who generated the link. You pay no more, no less for buying, it's just a couple of pounds goes to the person who influenced sale of the item."
iNsTzqwwioY,17.14.11,How Accurate Are Personality Tests and Horoscopes?,Life Noggin,Education,2017-11-09T14:00:03.000Z,"life noggin|""life noggin youtube""|""youtube life noggin""|""life noggin channel""|""education""|""education channel""|""life noggin face reveal""|""edutainment""|""edutainment videos""|""blocko""|""blocko life noggin""|""science""|""technology""|""educational""|""school""|""personality test""|""introvert vs extrovert""|""type a personality""|""type b personality""|""Myers-Briggs Type Indicator""|""Myers Briggs Test""|""MBTI""|""zodiac sign""|""horoscope""|""Barnum Effect""|""introvert""|""extrovert""|""type a vs type b personality""|""C.G. Jung""|""psychology""",269950,11107,212,1580,https://i.ytimg.com/vi/iNsTzqwwioY/default.jpg,FALSE,FALSE,FALSE,"Many people believe in personality tests and horoscopes, but are they based in any science?\nWatch more: What Would Happen If You Never Saw The Sun? ►► https://www.youtube.com/watch?v=7LDsh9dX3F8&index=33&list=PL8L0MzSk_V6JtEDRfRMyb6rFd1acqYSlO\n\nSubscribe: https://bit.ly/SubLifeNoggin | Get your exclusive Life Noggin merch: http://keeponthinking.co \n \nSupport Life Noggin on Patreon: https://patreon.com/LifeNogginStudios \n \nFollow Life Noggin!\nFacebook: https://facebook.com/LifeNoggin/?ref=br_rs\nInstagram: https://instagram.com/lifenoggin/\nTwitter: https://twitter.com/lifenoggin\nOfficial Website: https://lnstudios.co/\n \nWatch More Life Noggin:\nLatest Uploads: https://youtube.com/watch?v=4A6XkYpmidU&list=PL8L0MzSk_V6JtEDRfRMyb6rFd1acqYSlO\nBig Questions: https://youtube.com/watch?v=rJTkHGXMdb0&list=PL8L0MzSk_V6LtaKh-Eqj7Cs4Tmf5iQPx4\nOuter Space: https://youtube.com/watch?v=rJTkHGXMdb0&list=PL8L0MzSk_V6IPWXQvW3Exk9bqGzOdj8Qq\nInside the Human Body: https://youtube.com/watch?v=FVnnM6hZ7Wk&list=PL8L0MzSk_V6JoZQ-Sy3eK2rjiDsamxCQs \nPopular Videos: https://youtube.com/watch?v=1bVfzBD-40E&list=PL8L0MzSk_V6IYeU-cNGR6NYHW19GMiPNy \n \nWe are LIFE NOGGIN! An animated and educational web show designed to teach you all about your awesome life and the brain that makes you able to live it! We answer questions about everything from inside the human body to deep outer space. Stay tuned for more videos on every Monday and Thursday! Keep On Thinking. \n \nLife Noggin Team:\nDirector/Voice: http://lifenogg.in/PatGraziosi \nExecutive Producer - Ian Dokie: http://instagram.com/iandokie \nDirector of Marketing: http://lifenogg.in/JaredOban \nAnimation by: Robert Grisham\nWritten by Paige Finch: https://twitter.com/paigelfinch\n \nSources:\nhttp://psycnet.apa.org/record/1986-11809-001\nhttps://search.proquest.com/openview/7b6e1e28b9dd910ec3f4c72b11ba4534/1?pq-origsite=gscholar&cbl=1818750\nhttp://onlinelibrary.wiley.com/doi/10.1002/1097-4679(197801)34:1%3C94::AID-JCLP2270340122%3E3.0.CO;2-T/epdf?r3_referer=wol&tracking_action=preview_click&show_checkout=1&purchase_referrer=www.google.com&purchase_site_license=LICENSE_DENIED_NO_CUSTOMER\nhttps://www.smithsonianmag.com/smart-news/the-myers-briggs-personality-test-is-pretty-much-meaningless-9359770/\nhttp://www.myersbriggs.org/my-mbti-personality-type/mbti-basics/home.htm?bhcp=1\nhttps://www.truity.com/personality-type/ISTJ/careers\nhttps://www.truity.com/personality-type/ESFP/careers\nhttps://www.ncbi.nlm.nih.gov/pubmed/20435951\nhttp://pages.uoregon.edu/sanjay/bigfive.html#whatisit\nhttps://www.psychologytoday.com/blog/give-and-take/201309/goodbye-mbti-the-fad-won-t-die\nhttp://medical-dictionary.thefreedictionary.com/middle+frontal+gyrus\nhttps://www.britannica.com/topic/Barnum-Effect\nhttp://www.dictionary.com/browse/sign-of-the-zodiac\nhttp://www.astrology-zodiac-signs.com/zodiac-signs/scorpio/\nhttp://www.astrology-zodiac-signs.com/zodiac-signs/capricorn/"
9GqL1DSQDL0,17.14.11,GET READY WITH ME + LILY! (we're so immature bye),makeupbymichaelfinch,Howto & Style,2017-11-09T22:00:00.000Z,"Lily brown|""michael finch""|""makeupbymichaelfinch""|""candlestuck""|""makeup by michael finch""|""get ready with me lily brown""|""bindi""",332967,22303,700,1523,https://i.ytimg.com/vi/9GqL1DSQDL0/default.jpg,FALSE,FALSE,FALSE,"Hey babes! Happy Friday! It's the WEEKENDDD Here in AUSTRALIA! Hope you all have an amazing weekend and stay safe! We love you guys!\n\nLily's Channel: https://www.youtube.com/user/lilybrown89\n\nSocial Media Outlets!\n\nSubscribe: http://bit.ly/2lmxPyu\n\nTwitter: http://bit.ly/2kKeILE\n\nSnapchat: michaelwearsmac \n\nInstagram: @makeupbymichaelfinch\n\nPersonal Instagram: @michaelfinchprsnl \n\n________________________________________­­______\n\nFor all business enquiries please contact me at: manager@michaelfinch.com.au\n\n________________________________________­­______\n\n\nLilly Lashes: http://bit.ly/2ctw0sA \nDISCOUNT CODE: 'michaelfinch'\n\nOFRA: 'MICHAELFINCHCYA' for 30% Off ALL Ofra!\n\nPO BOX: \nMICHAEL FINCH\nPO BOX 3069\nWEST END, BRISBANE, QLD, 4101.\n\n\nCamera Used to film this video: Canon 70D. \nEditing: Final Cut Pro\nLighting: Umbrella lights (eBay) + Ringlight (eBay)\n\nMusic by Epidemic Sound http://www.epidemicsound.com\nMusic by NCS: https://www.youtube.com/watch?v=5FvBg...\n\nThis video is not sponsored\n\nAll opinions are my own and I would never lie or promote something I didn't like towards my Audience."
OGKchfcd-5w,17.14.11,Big Krit Freestyle With The L.A. Leakers - Freestyle #030,Power 106 Los Angeles,Music,2017-11-11T03:53:25.000Z,"power 106 hip hop interviews performance rap los angeles celebrity news|""Hip Hop""|""Hip-Hop""|""West Coast""|""Rap""|""Music""",76940,3872,16,558,https://i.ytimg.com/vi/OGKchfcd-5w/default.jpg,FALSE,FALSE,FALSE,Power 106 YouTube Channel: \nSubscribe Now - http://bit.ly/17Rrvxu\n\nFor more exclusive interviews visit:\nPower 106 Website - http://bit.ly/THwnRX \n\nFind Power 106:\nFacebook - http://bit.ly/TjOLyl \nTwitter - http://bit.ly/12eZ0t2\n\nStream Power 106 - Where Hip Hop Lives:\nListen Live - http://bit.ly/T0chlq
44NYFvhXmW8,17.14.11,Thirty Seconds To Mars - Walk On Water (Official Music Video),ThirtySecondsToMarsVEVO,Music,2017-11-08T13:00:00.000Z,"Thirty|""Seconds""|""To""|""Mars""|""Walk""|""On""|""Water""|""to""|""Mars/Interscope""|""Records""|""Alternative""|""Thirty Seconds To Mars""|""Thirty Seconds to Mars Ellen""|""30 seconds to mars ellen""|""mars ellen""|""ellen""|""Walk On Water""|""Thirty Seconds to Mars""|""30 seconds to mars walk on water""|""thirty seconds to mars walk on water""|""mars""|""mars walk on water""|""walk on water vid""|""30 sec to mars""|""30 secs to mars walk on water""|""walk on water video""|""official video""|""vid""",1905487,65854,2442,4490,https://i.ytimg.com/vi/44NYFvhXmW8/default.jpg,FALSE,FALSE,FALSE,"Best of Thirty Seconds To Mars: https://goo.gl/c3H8id\nSubscribe here: https://goo.gl/QaW2fA\n\n\nVirtually everything you are about to see happened on a single day in the United States of America, July 4th, 2017. \n \nOver 10,000 generous and creative people submitted footage - in addition to our 92 professional crews. We filmed in all fifty states, Puerto Rico and D.C. and captured a portrait of this country that is absolutely beautiful, challenging and unforgettable. \n\nA very small selection of that footage you see here. The rest will be part of the documentary film, A DAY IN THE LIFE OF AMERICA (directed by Jared Leto), that is a companion piece to our brand new album. \n\nThe album. The film. The tour. \n\nComing #soon. \n\nThirty Seconds To Mars.\n\nMusic video by Thirty Seconds To Mars performing Walk On Water. (C) 2017 Thirty Seconds to Mars under exclusive license to Interscope Records\n\nhttp://vevo.ly/cGu2fJ"
RYs08kX3Ih4,17.14.11,SECRETS REVEALED! HOW I LAY MY LACE WIGS! | AALIYAHJAY,MsAaliyahJay,Howto & Style,2017-11-10T01:30:00.000Z,11/08/2017,219030,14303,398,1099,https://i.ytimg.com/vi/RYs08kX3Ih4/default.jpg,FALSE,FALSE,FALSE,Hello Everyone! \n\nI forgot to mention that I sew the back down with a needle and thread. but this wig also comes with combs in the inside. \n\nThis hair is a Brazilian Full lace wig from @BangsNBrows \nProducts I used: \n\nGhost Bond\nThe brush I used for my baby hair is also sold at target. Here is the link: https://www.target.com/p/camryn-s-bff-soft-bristles-hair-brushes-colors-may-vary/-/A-51121178?ref=tgt_adv_XS000000&AFID=google_pla_df&CPNG=PLA_Health+Beauty+Shopping_Brand_Competitor&adgroup=SC_Health+Beauty&LID=700000001170770pgs&network=g&device=c&location=9004041&gclid=EAIaIQobChMI-9-oq-my1wIVBbbACh2VkQuEEAQYAiABEgK9gvD_BwE&gclsrc=aw.ds\n\nTresemme moose \nGot2B glue (amazon)\nElectric hot comb\nFlat iron (Not sure where its from) \n\n\n\n♡ ♡ ♡ ♡ ♡ ♡ ♡ ♡ ♡ ♡ ♡ ♡ ♡ ♡ ♡ \n\n\nDISCOUNT CODES: \n\n\nPhone Case: Velvet Caviar \nwww.VelvetCaviar.com\nUse code: “AALIYAHXO” for a cute discount! $$ \n\nArtist Couture\nArtistcouture.com\nUse code “Aaliyah” at checkout for $$ off \n\n♡ ♡ ♡ ♡ ♡ ♡ ♡ ♡ ♡ ♡ ♡ ♡ ♡ ♡ ♡ \n\n▷ CONNECT WITH ME!\nFOR PROMOTION/ BRAND COLLABORATION ‣ Jennifer@thejgoagency.com\nTWITTER ‣ http://www.twitter.com/AaliyahJay\nINSTAGRAM ‣ https://instagram.com/AaliyahJay\nSNAPCHAT ‣ msaaliyahjay\n\n\n▷ OTHER VIDEOS YOU MIGHT WANT TO SEE:\nEYEBROW ROUTINE » https://www.youtube.com/watch?v=fxDxb7ljO9g\nUPDATED MAKEUP ROUTINE » https://www.youtube.com/watch?v=Yleg6u9Pang\nSTORY TIME » https://www.youtube.com/watch?v=FTuN-PCL6mA
nnrkPRApQg8,17.14.11,KUWTK | Khloe Tries to Help Kourtney & Scott Hash Out Their Drama | E!,E! Entertainment,Entertainment,2017-11-09T14:30:53.000Z,"Real Time|""Kim Kardashian""|""Kourtney Kardashian""|""Kanye West""|""Scott Disick""|""Keeping Up with the Kardashians""|""Kardashians""|""Kardashian""|""KUWTK""|""family""|""Kendall Jenner""|""Kylie Jenner""|""New Season""|""E! Entertainment Schedule""|""Celebrity""|""Celeb Gossip""|""Celeb News""|""E! News""|""E! News Now""|""Chelsea Handler""|""The Soup""|""Celebrity News""|""Celebrity Pictures""|""Gossip""|""Giuliana Rancic""|""Chelsea Lately""|""Comedians""|""Comedy""",613492,5376,202,460,https://i.ytimg.com/vi/nnrkPRApQg8/default.jpg,FALSE,FALSE,FALSE,"After not being invited to Khloe Kardashian's b-day, Kourtney and Scott try to settle their drama with Khloe's help. Find out if it works on KUWTK.\n\nSUBSCRIBE: http://bit.ly/Eentsub\n\nAbout Keeping Up With the Kardashians:\nThings change, but this famous family stays the same. Can you keep up with the drama?\n\nConnect with the Kardashians:\nVisit the KUWTK WEBSITE: http://bit.ly/KUWTKweb\nLike KUWTK on FACEBOOK: http://bit.ly/KUWTKfb \nFollow KUWTK on TWITTER: http://bit.ly/KUWTKtwtr \n\nAbout E! Entertainment:\nE! is on the Pulse of Pop Culture, bringing fans the very best original content including reality series, scripted programming, exclusive specials, breaking entertainment news, streaming events and more. Passionate viewers can’t get enough of our Pop Culture hits including Keeping Up with the Kardashians,” “Fashion Police,” “The Royals,” Total Divas” and “Botched.” And with new original programming on the way, fans have even more to love.\n\nConnect with E! Entertainment:\nVisit the E! WEBSITE: http://eonli.ne/1iX6d8n\nLike E! on FACEBOOK: http://on.fb.me/1fzeamg\nCheck out E! on INSTAGRAM: http://bit.ly/EInsta\nFollow E! on TWITTER: http://bit.ly/EEntTwitter\n\nKUWTK | Khloe Tries to Help Kourtney & Scott Hash Out Their Drama | E!\nhttp://www.youtube.com/user/Eentertainment"
eHIY3HNNqzM,17.14.11,The Script - Arms Open (Acoustic) [Audio],TheScriptVEVO,Music,2017-11-10T08:00:03.000Z,"the script|""the script new single""|""the script arms open""|""the script arms open acoustic""|""the script arms open acoustic version""|""rain""|""hall of fame""|""breakeven""|""superheroes""|""rain lyrics""|""for the first time""|""the man who can't be moved""|""if you could see me now""|""Arms Open (Acoustic)""|""Columbia""|""Pop""|""The Script""",135337,7158,89,318,https://i.ytimg.com/vi/eHIY3HNNqzM/default.jpg,FALSE,FALSE,FALSE,The Script - Arms Open (Acoustic)\nListen to 'Arms Open (Acoustic) here: http://smarturl.it/ArmsOpenAcoustic?IQid=yt\n'Freedom Child' is available now: http://smarturl.it/FreedomChild?IQid=yt\n\nPlaylist Best of The Script https://goo.gl/4MuiXf\nSubscribe for more https://goo.gl/DxhKUv\n\nSubscribe to The Script on YouTube: http://smarturl.it/TheScriptyts?iqid=yt\nStream The Script's music: http://smarturl.it/ScriptStream?iqid=yt\n\nFollow The Script online:\nFacebook: http://smarturl.it/ScriptFB?iqid=yt\nTwitter: http://smarturl.it/ScriptTwitter?iqid=yt\nInstagram: http://smarturl.it/ScriptInstagram?iqid=yt
gSW2l1z1lKw,17.14.11,THIS WASN'T SUPPOSED TO HAPPEN!! DIY FIREWORKS SHOW,SACCONEJOLYs,People & Blogs,2017-11-09T18:00:02.000Z,"family|""mom""|""mommy""|""baby""|""children""|""kids""|""mother""|""father""|""dad""|""son""|""daughter""|""home""|""young family""|""sacconejolys""|""video dairy""|""real life""|""reality tv""|""london""|""jonathan""|""joly""|""anna""|""saccone""",113988,6016,231,356,https://i.ytimg.com/vi/gSW2l1z1lKw/default.jpg,FALSE,FALSE,FALSE,"i decided it would be fun to set off some fireworks at home and i ordered the most tame pack because i know Emilia doesnt really like them, she is happy to watch when they are in the sky far away!! but i randomly picked a super noisy and loud one to start with!! ha i think her trust level with me just got lowered! \n\nOrder our book http://amzn.to/2pHY7wA \n\nWatch from the start http://www.sacconejolys.co.uk\n1 YEAR AGO https://www.youtube.com/watch?v=PvRnbUI_vkM&\n2 YEARS AGO https://www.youtube.com/watch?v=KJgUgjYBEn4\n3 YEARS AGO https://www.youtube.com/watch?v=7iveg2Dx6pk\n4 YEARS AGO http://www.youtube.com/watch?v=Ubzca6CyHcU\n5 YEARS AGO https://www.youtube.com/watch?v=BfFq5Wzm9XM\n6 YEARS AGO https://www.youtube.com/watch?v=-tv8CIiuQh8\n7 YEARS AGO https://www.youtube.com/watch?v=Ycupl1xt8x8\n\nWatch our Proposal video\nhttp://www.youtube.com/watch?v=yxQ4Vu02HEs\n\nWatch our wedding video\nhttp://www.youtube.com/watch?v=5UYOQg-aJZw\n\nWatch the birth of our baby girl (Emilia)\nhttp://www.youtube.com/watch?v=uLrNulUx7xc\n\nWatch the birth of our baby boy (Eduardo)\nhttps://www.youtube.com/watch?v=MqU3wGXnV3E\n\nWatch the birth of our baby girl (Alessia)\nhttps://www.youtube.com/watch?v=RVoGKXUE-8k&t\n\nWatch the birth of our Maltese Puppies\nhttp://www.youtube.com/watch?v=2Ex4S4uJMvg\n\nEverything you wanted to know about me before the videos\nhttps://www.youtube.com/watch?v=qnKVnFlRkAk\n\nFriendliest Friends Channel http://www.youtube.com/friendliestfriends\nJonathan's Channel: http://www.youtube.com/jonathanjoly\nAnna's Channel: http://www.youtube.com/thestylediet\n\n- Add Jonathan on Snapchat: sacconejolys\n- Add Anna on Snapchat: asacconejoly\n- Follow Jonathan on Instagram: http://instagram.com/jonathanjoly\n- Follow Anna on Instagram: http://instagram.com/annasaccone\n\nFollow us on TWITTER\nhttp://www.twitter.com/jonathanjoly\nhttp://www.twitter.com/annasaccone\n\nJoin us on FACEBOOK\nhttps://www.facebook.com/JonathanPatrickJoly\n\nCheck out our INSTAGRAM pictures\nhttp://instagram.com/jonathanjoly\nhttp://instagram.com/annasaccone\n\n*******************************\n\nShort History of SACCONEJOLYs\n\nIn 2008 Anna was uploading beauty videos to youtube on her own channel and Jonathan was helping her behind the scenes.\n\nIn late 2009 Jonathan set up this channel because he wanted to do his own youtube videos. What started out as a week experiment to film his life everyday for 7 days in a row has now become SACCONEJOLYS\n\nthis channel was formally known as LeFloofTV but was later changed to SACCONEJOLYs\n\nWhen Jonathan Joly married Anna Saccone they both decided that instead of Anna dropping her family name they would both take each others name and join them together.\n\nThey choose to use SACCONEJOLY rather then JOLYSACCONE simply because it sounded better.\n\nJonathan and Anna Saccone Joly have three children, Emilia Saccone Joly, Eduardo Saccone Joly and Alessia Saccone Joly. they also have six maltese dogs, Albi, Sina, Theo, Bianca, Nivea and Nuvola.\n\nThey moved from Ireland to the UK in 2014.\n\n********************************"
9wg3v-01yKQ,17.14.11,Harry Styles - Kiwi,HarryStylesVEVO,Music,2017-11-08T13:00:01.000Z,"Columbia|""Harry Styles""|""Kiwi""|""Pop""",9632678,810895,16139,59482,https://i.ytimg.com/vi/9wg3v-01yKQ/default.jpg,FALSE,FALSE,FALSE,Harry Styles' self-titled debut album is available now: http://hstyles.co.uk/music\n\niTunes: http://smarturl.it/HS-iTunes\nApple Music: http://smarturl.it/HS-AM\nSpotify: http://smarturl.it/HS-Spotify\nLimited edition CD: http://smarturl.it/HS-LtdEd-CD\nWhite vinyl: http://smarturl.it/HS-WhiteVinyl\nPhoto editions: http://smarturl.it/HarryStylesStore\nTarget: http://smarturl.it/HS-Target\nAmazon MP3: http://smarturl.it/HS-AmazonMP3\nDeezer: http://smarturl.it/HS-Deezer\n\nBest of Harry Styles: https://goo.gl/UzwxNi\nHarry Styles - Harry Styles (Album 2017) https://goo.gl/z1GUVh\nSubscribe here: https://goo.gl/6UDD4P\n\nDirector: Us\nExec Producer: Morgan Clement \nExec Producer (usa): Sheira Rees-Davies\nProducer: Steve Overs\nDoP: Ben Fordesman\nArtist Stylist: Harry Lambert\nCostume Stylist: Sharon Long \nArt Director: Dan Betteridge\nCasting: HammondCox Casting\nEditor: David Stevens @ The Assembly Rooms\nColourist: Simone Grattarola @ Time Based Arts\nProduction Company: Academy +
nrXlY6gzTTM,17.14.11,The Post | Official Trailer [HD] | 20th Century FOX,20th Century Fox,Film & Animation,2017-11-08T05:31:00.000Z,"Trailer|""Steven Spielberg""|""ThePost""|""Meryl Streep""|""Tom Hanks""|""Alison Brie""|""Carrie Coon""|""David Cross""|""Bruce Greenwood""|""Tracy Letts""|""Bob Odenkirk""|""Sarah Paulson""|""Jesse Plemons""|""Matthew Rhys""|""Michael Stuhlbarg""|""Bradley Whitford""|""Zach Woods""|""Liz Hannah""|""Josh Singer""|""Spotlight""|""Spielberg""|""Spielberg Movie""|""Official Trailer""|""The Post""|""Nixon""|""Vietnam""|""60's""|""60's movie""|""historical drama""|""spotlight""",2794165,8874,939,1439,https://i.ytimg.com/vi/nrXlY6gzTTM/default.jpg,FALSE,FALSE,FALSE,"Steven Spielberg directs Meryl Streep and Tom Hanks in The Post, a thrilling drama about the unlikely partnership between The Washington Post’s Katharine Graham (Streep), the first female publisher of a major American newspaper, and editor Ben Bradlee (Hanks), as they race to catch up with The New York Times to expose a massive cover-up of government secrets that spanned three decades and four U.S. Presidents. The two must overcome their differences as they risk their careers – and their very freedom – to help bring long-buried truths to light.\n\nThe Post marks the first time Meryl Streep, Tom Hanks and Steven Spielberg have collaborated on a project. In addition to directing, Spielberg produces along with Amy Pascal and Kristie Macosko Krieger. The script was written by Liz Hannah and Josh Singer, and the film features an acclaimed ensemble cast including Alison Brie, Carrie Coon, David Cross, Bruce Greenwood, Tracy Letts, Bob Odenkirk, Sarah Paulson, Jesse Plemons, Matthew Rhys, Michael Stuhlbarg, Bradley Whitford and Zach Woods.\n\nIn Theaters December 22, 2017\n\nDirector: Steven Spielberg\n\nScreenplay by: Liz Hannah, Josh Singer\n\nProduced by: Steven Spielberg, Amy Pascal and Kristie Macisko Krieger\n\nCast: Meryl Streep, Tom Hanks, Alison Brie, Carrie Coon, David Cross, Bruce Greenwood, Tracy Letts, Bob Odenkirk, Sarah Paulson, Jesse Plemons, Matthew Rhys, Michael Stuhlbarg, Bradley Whitford and Zach Woods\n\nSUBSCRIBE: http://bit.ly/FOXSubscribe\n\nConnect with The Post Online:\nVisit the Official Site Here: http://ThePostMovie.com \nLike The Post on FACEBOOK: https://www.facebook.com/ThePostOfficial\nFollow The Post on TWITTER: https://twitter.com/ThePostMovie\nFollow The Post on INSTAGRAM: https://www.instagram.com/ThePostMovie\n\n#ThePost\n\nAbout 20th Century FOX:\nOfficial YouTube Channel for 20th Century Fox Movies. Home of Avatar, Aliens, X-Men, Die Hard, Deadpool, Ice Age, Alvin and the Chipmunks, Rio, Peanuts, Maze Runner, Planet of the Apes, Wolverine and many more.\n\nConnect with 20th Century FOX Online:\nVisit the 20th Century FOX WEBSITE: http://bit.ly/FOXMovie\nLike 20th Century FOX on FACEBOOK: http://bit.ly/FOXFacebook\nFollow 20th Century FOX on TWITTER: http://bit.ly/TwitterFOX\n\nThe Post | Official Trailer [HD] | 20th Century FOX\nhttp://www.youtube.com/user/FoxMovies"
EYkEshCOhEU,17.14.11,The Ultimate Red Lip Look | Nicole Guerriero,Nicole Guerriero,People & Blogs,2017-11-10T00:24:29.000Z,"nicole guerriero|""arriba liqud lipstick""|""colourpop cosmetics""|""classic glam""|""makeup tutorial""|""holiday glam""|""red lip makeup tutorial""|""how to wear a red lip""|""beauty vlogger""|""beauty guru""|""iluvsarahii""|""long lasting red lip""|""bulletproof makeup""|""long lasting makeup""",294387,15247,385,976,https://i.ytimg.com/vi/EYkEshCOhEU/default.jpg,FALSE,FALSE,FALSE,To see the power of this lip watch my One Chip Challenge! :)\n-- https://www.youtube.com/watch?v=VDFHX1M_z1k&t=302s\n\n\nB U S I N E S S:\nFor Business and Branding purposes please\nvanessa@jamesgrant.com\nFor Public Relations please contact \nvanessa@jamesgrant.com\n\nSTAY CONNECTED WITH ME:\nSnapchat: hi.nic\nInstagram: nicoleguerriero - http://www.instagram.com/nicoleguerriero\nFacebook: http://www.facebook.com/nguerriero19\nTwitter: http://www.twitter.com/nguerriero19\n\nEarrings -- @fawnstar on IG\nTop -- Boohoo\n\nProducts Used:\nTatcha Water Cream Moisturizer\nYSL Blur Primer\nDiorSkin Forever Foundation -- 25\nBenefit Brow Conditioner\nColoured Raine Queen of Hearts Palette | Heir\nChristina #wsp Lashes -- http://amzn.to/2yogsQI\nTarte Shape Tape | Light Medium Honey\nLaura Mercier Secret Brightening Powder\nMac Studio Fix Powder -- C5\nKVD Shade & Light Palette\nCharlotte Tilbury Sex on Fire Blusher\nHourglass Ambient Strobe Lighting Powder -- Euphoric\nMAC Cherry Lip Liner\nColourPop x iluvsarahii Ultra Matte Lip -- Arriba\n\nThe End.
P4ohTV_28Oc,17.14.11,Taylor Swift Saturday Night Live Behind The Scenes,Tu Fan,Entertainment,2017-11-10T19:43:21.000Z,"Taylor swift|""snl""|""funny Taylor""|""saturday night life""|""teens""|""style""",53985,915,12,60,https://i.ytimg.com/vi/P4ohTV_28Oc/default.jpg,FALSE,FALSE,FALSE,SNL Taylor Swift
q-WipZ9p0wk,17.14.11,Three meals that cost me $1.50 each,Brothers Green Eats,Howto & Style,2017-11-09T14:00:08.000Z,"brothers green eats|""budget cooking""|""cooking for the price of coffee""|""banana pancakes""|""falafel""|""cabbage rolls""|""steamed cabbage rolls""|""homemade almond milk""|""oat flour""|""homemade""|""recipe""|""cooking""|""simple cooking""|""simple recipes""|""budget cooking recipes""|""budget recipes""|""apple compote""|""apple jam""|""pear compote""",77630,1991,83,208,https://i.ytimg.com/vi/q-WipZ9p0wk/default.jpg,FALSE,FALSE,FALSE,Welcome to day three of cooking for the price of coffee. \nClick here to get a taste of my epic podcast: https://anchor.fm/youenjoylife?at=993145\n\nCheck out day one of the challenge here: https://www.youtube.com/watch?v=zjeY6Bzg6jw\nCheck out day two of the challenge here: https://www.youtube.com/watch?v=qNB-7fHCVKk\n\n\n\nmusic by Blue Wednesday\nhttps://soundcloud.com/bluewednesday
510KQ_LXGww,17.14.11,My Every Day Autumn Makeup | Zoella,Zoella,Howto & Style,2017-11-08T18:24:16.000Z,"zoe sugg|""zoe""|""sugg""|""zoella""|""beauty""|""cosmetics""|""fashion""|""lifestyle""|""haul""|""collaboration""|""friends""|""funny""|""british""|""life""|""chatty""|""makeup""|""autumn""|""everyday""|""routine""|""berry""|""gold""|""2017""",1390440,86207,1775,710,https://i.ytimg.com/vi/510KQ_LXGww/default.jpg,FALSE,FALSE,FALSE,"My Every Day Autumn Makeup\n⇢ Previous Video: http://bit.ly/2m6tjFq\n⇢ Vlogs: http://bit.ly/2smIRXB\n\n⇢ Links below marked with a * are affiliate links - which means I receive a percentage of the revenue made from purchasing products through this link ⇠\n\nItems/Brands Mentioned In The Video:\n⇢ *Fenty Beauty Soft Matte Foundation: http://bit.ly/2yiMSiF\n⇢ Collection Perfection Lasting Concealer: - http://bit.ly/1WnPZYN\n⇢ *Charlotte Tilbury Filmstar Bronze & Glow - http://bit.ly/2zswryy\n⇢ *Charlotte Tilbury Powder and Sculpt Brush - http://bit.ly/2zmIzU1\n⇢ *Kiko Baked Bronzer in Warm Melange - http://bit.ly/2zodG1K\n⇢ *Tanya Burr Cosmetics Illuminating Powder in Peonies Please - http://bit.ly/2xRjoER\n⇢ Makeup Forever Aqua Brow - http://bit.ly/2pGzLV2\n⇢ *Benefit Brow Brush - http://bit.ly/2zrk1qH\n⇢ *Too Faced Shadow Insurance Eyeshadow Primer - http://bit.ly/2ztMyvL\n⇢ *Urban Decay Naked Heat Palette - http://bit.ly/2wP8T5v\n⇢ Clover Brushes: http://bit.ly/28VOotx\n⇢ *Smith & Cult B-Line Eye Liner - http://bit.ly/2zumT6e\n⇢ *Maybelline Lash Sensational Mascara - http://bit.ly/2qqkjYX\n⇢ ColourPop Ultra Matte Lip in Moondancer - http://bit.ly/2gVp3DT\n\n\nI'm Wearing & In The Background: \n⇢ T Shirt - H&M\n\n\nMy Links:\n\n⇢ SECOND CHANNEL: http://youtube.com/morezoella\n⇢ BLOG : http://www.zoella.co.uk\n⇢ TWITTER : http://twitter.com/Zoella\n⇢ INSTAGRAM : http://instagram.com/Zoella\n⇢ SNAPCHAT: OfficialZoella\n⇢ FACEBOOK : http://facebook.com/zoe.zoella\n\nCheck out my products:\n⇢ http://bit.ly/1G8SoCs\n⇢ http://bit.ly/1Ctynli\n\nCheck out my books:\n⇢ http://amzn.to/1OZo9zp\n\nThanks so much for watching and for all your continued support. I am forever grateful to each and every one of you for watching, commenting and being a huge part of this channel and this crazy journey :) *all the hug squeezes* xxx"
A8ScwhLh7uo,17.14.11,Honest Trailers - Stranger Things,Screen Junkies,Film & Animation,2017-11-07T18:00:01.000Z,"screenjunkies|""screen junkies""|""honest trailers""|""honest trailer""|""stranger things""|""netflix""|""halloween""|""stranger things kids""|""eleven stranger things""|""honest trailer stranger things""|""honest trailers stranger things""|""upside down""|""the upside down""|""stranger things barb""|""stranger things season 1""|""stranger things season 2""|""stranger things theory""|""stranger things plot""|""stranger things finn""",3037613,91393,2766,7176,https://i.ytimg.com/vi/A8ScwhLh7uo/default.jpg,FALSE,FALSE,FALSE,"This episode is brought to you by T-Mobile. Now, you can get Netflix included with your family plan. Just another reason why T-Mobile is America’s Best Unlimited Network. http://bit.ly/2y1BMfc\n\nTake that frown back to the upside down - It's Stranger Things!\n\nWatch the Honest Trailer Commentary for this most recent HT to see the writers give more thoughts on the series PLUS some deleted jokes!\nhttps://www.youtube.com/watch?v=WD164gKkBDQ\n\nGot a tip? Email us ► feedback@screenjunkies.com\nFollow us on Twitter ► http://twitter.com/screenjunkies\nLike us on Facebook ► http://www.fb.com/screenjunkies\n\nVoiceover Narration by Jon Bailey: http://youtube.com/jon3pnt0\nTitle design by Robert Holtby\n\nProducers - Dan Murrell, Spencer Gilbert, Joe Starr, and Max Dionne\nWritten by Spencer Gilbert, Joe Starr, and Dan Murrell\nEdited by Kevin Williamsen and TJ Nordaker"
ZwIuff3270M,17.14.11,Corey Haim's Mom Talks to Dr. Oz,DoctorOz,Howto & Style,2017-11-10T15:02:20.000Z,"Dr. Oz|""Dr. Mehmet Oz""|""The Dr. Oz Show""|""Corey Haim""|""Judy Haim""|""Charlie Sheen""",42479,42,8,98,https://i.ytimg.com/vi/ZwIuff3270M/default.jpg,FALSE,FALSE,FALSE,"In an exclusive interview, Corey Haim's mother Judy talks to Dr. Oz about the allegations that Charlie Sheen raped her son when he was a teen. \n\nWatch this episode: http://bit.ly/2AvHbvX \nSubscribe to Dr. Oz's official YouTube channel: http://bit.ly/2xqhlaW"
1cgK-BIrXes,17.14.11,#VeteransDay: Thank You for Everything,YouTube Spotlight,Entertainment,2017-11-10T15:07:13.000Z,"vets|""veterans day""|""veterans""|""youtube""|""veteransday""|""veterans day 2017""",812516,26917,1979,4998,https://i.ytimg.com/vi/1cgK-BIrXes/default.jpg,FALSE,FALSE,FALSE,"This #VeteransDay, we want to say thank you to those who’ve served their country and shared their stories with the world.\n\nToday and every day, we at YouTube salute everything you have done and continue to do -- for your families, for communities, and for our nation."
3DflRo_Vids,17.14.11,"CÉLINE DION FT. STEVE AOKI - MY HEART WILL GO ON (OMNIA Nightclub) | Nov. 7, 2017",The Céline Café,Entertainment,2017-11-08T12:37:08.000Z,"celine dion|""celine""|""dion""|""celine dion las vegas""|""celine dion live""|""celine dion concert""|""the celine cafe""|""celine cafe""|""my heart will go on""|""celine dion music video""|""Celine dion november 7 2017""|""steve aoki""|""steve aoki my heart will go on""|""celine dion caesars palace""|""celine dion omnia""|""celine dion omnia nightclub""|""omnia nightclub""|""celine dion my heart will go on steve aoki""|""celine dion rare""|""celine dion exclusive""|""my heart will go on remix""|""celine dion las vegas victims fund""",370638,470,104,119,https://i.ytimg.com/vi/3DflRo_Vids/default.jpg,FALSE,FALSE,FALSE,"Céline Dion made a surprise performance at OMNIA Nightclub at Caesars Palace in Las Vegas after her show on November 7, 2017. Over $1 million was donated to the Las Vegas Victims' Fund\n\nVisit http://www.thecelinecafe.com for up-to-date news, full concert downloads, photos, show tickets, and more exclusive Céline content!\n\nStream Céline on Spotify: https://play.spotify.com/artist/4S9EykWXhStSc15wEx8QFK?play=true&utm_source=open.spotify.com&utm_medium=open\n\nCéline Dion on Apple Music: https://itunes.apple.com/us/artist/c%C3%A9line-dion/id63729"
P4YJwy_T9pM,17.14.11,I Picked My Girlfriend's Outfit Blindfolded,Tyler Williams,People & Blogs,2017-11-09T03:16:36.000Z,"i picked my girlfriend's outfit blindfolded|""blindfolded outfit shopping""|""blindfolded outfit challenge""|""blindfolded outfit""|""safiya and tyler""|""picking my girlfriends outfit""|""i picked my girlfriends outfit""|""boyfriend picks my outfit""|""shopping""|""couples""|""boyfriend and girlfriend""|""couples shopping""|""tyler and safiya""|""tyler williams""|""safiya nygaard""|""thrift store outfit""|""thrift store""|""thrifting""",691229,31892,197,1404,https://i.ytimg.com/vi/P4YJwy_T9pM/default.jpg,FALSE,FALSE,FALSE,"Link to our pinterest recipes shopping room: https://nextbeat.co/r/YmdW/1\n\nSaf has done a few videos where she went shopping blindfolded and I decided to help her out and get her a new outfit blindfolded as well! So we went to a thrift store and I donned a blindfold and picked out an entire outfit for her, including a top, bottom, jacket, accessories, and shoes. How did I do??\n\nTyler's Instagram: https://www.instagram.com/tylerlwilliams29/\nTyler's Twitter: https://twitter.com/williams_tyler\n\nSFX\nVia AudioBlocks\n\nMUSIC\nVia Audio Network"
vd4zwINEcLY,17.14.11,Live in the now!,poofables,Entertainment,2011-03-27T04:31:25.000Z,"cash|""Wayne's""|""World""|""wayne""|""waynes""|""fender""|""strat""|""stratocaster""|""cassandra""",95085,909,52,193,https://i.ytimg.com/vi/vd4zwINEcLY/default.jpg,FALSE,FALSE,FALSE,"Stop torturing yourself man, you'll never afford it. Live in the now!"
4FDpjKdlIxA,17.14.11,Waking Up with Sam Harris #103 - American Fantasies (with Kurt Andersen),Sam Harris,Science & Technology,2017-11-09T23:05:42.000Z,[none],47610,801,202,915,https://i.ytimg.com/vi/4FDpjKdlIxA/default.jpg,FALSE,FALSE,FALSE,"In this episode of the Waking Up podcast, Sam Harris speaks with Kurt Andersen about the American aptitude for unfounded belief, the religious lunacy of the Puritans, populist mistrust of authority, the link between postmodernism and religious fundamentalism, the unique history of American religious entrepreneurship, the Trump phenomenon, the effect of fame on politics, and other topics.\n\nKurt Andersen is the bestselling author of the novels Heyday, Turn of the Century, and True Believers. He contributes to Vanity Fair and The New York Times, and is host and co-creator of Studio 360, the Peabody Award–winning public radio show and podcast. He also writes for television, film, and the stage. Andersen co-founded Spy magazine, served as editor in chief of New York, and was a cultural columnist and critic for Time and The New Yorker. He graduated magna cum laude from Harvard College, where he was an editor of The Harvard Lampoon. His most recent book is Fantasyland: How America Went Haywire, A 500-Year History.\n\nTwitter: @KBAndersen\n\nDiscuss this in the forums.\n\nWant to support the Waking Up podcast? \n\nPlease visit: http://www.samharris.org/support\n\nSubscribe to the podcast: http://www.youtube.com/subscription_center?add_user=samharrisorg\n\nGet Sam’s email newsletter: https://www.samharris.org/email_signup\n\nFollow Sam on Twitter: https://twitter.com/samharrisorg\n\nFollow Sam on Facebook: https://www.facebook.com/Sam-Harris-22457171014/?fref=ts\n\nFor more information about Sam Harris: https://www.samharris.org"
CR9zYgr84QY,17.14.11,Chocolate Orange Autumn Cupcakes | Cupcake Jemma,CupcakeJemma,Howto & Style,2017-11-09T18:30:01.000Z,"cupcakes|""cupcake""|""cup cake""|""cake""|""cakes""|""bake""|""bakes""|""baking""|""baker""|""crumbs and doilies""|""C&D""|""cupcake jemma""|""jemma wilson""|""gemma""|""wilson""|""chocolate""|""orange""|""chocorange""|""terry's""|""christmas""|""autumns""|""autumn""|""autumnal""|""oranges""|""baking with""|""recipe""|""for""|""how to make""|""making""|""chocolate leaves""|""sugarcraft""|""cupcake decorating""|""treacle""|""british""|""english""|""london""",122669,5723,55,263,https://i.ytimg.com/vi/CR9zYgr84QY/default.jpg,FALSE,FALSE,FALSE,"These cupcakes are for life, not just for Autumn, but they sure do look pretty!\nTry making a BIG chocolate orange cake! - https://youtu.be/xGS97HuA0pU\nSUBSCRIBE! - http://crmbs.co/1VHn9C\n\nRecipe - \n135g unsalted butter, soft\n110g self raising flour\n1/4tsp bicarbonate of soda\n100g caster sugar\n25g dark brown sugar\n15g cocoa powder\n2 lg eggs\nzest of 1 orange\n1.5 tbsp milk\n1 tsp treacle\n\nFor the ganache filling...\n75g dark 70% chocolate\n75g double cream\nzest of 1/2 orange\n\nFor the orange and choc swiss buttercream...\n300g caster sugar\n4 egg white\n400g butter, super soft\nzest of 1 orange\n150g choc 70%\n\n-----\n\nMY TWEETS: http://www.twitter.com/jemmawilson\nMY INSTAGRAM: @cupcakejemma\nCAKESTAGRAM: @crumbsanddoilies\n\nTHE CAKE BOOK: http://cupcakejemma.com\nSUBSCRIBE FOR WEEKLY VIDS: http://crmbs.co/7TDm\nMORE CAKE: http://www.crumbsanddoilies.co.uk\n\nVISIT OUR SHOP - \n\nCrumbs & Doilies\n1 Kingly Court\nLondon\nW1B 5PW"
ssbOzbL1SJQ,17.14.11,JUSTICE LEAGUE Movie Clip Aquaman Island + Trailer NEW (2017) Batman Superman Superhero Movie HD,MovieAccessTrailers,Entertainment,2017-11-10T23:13:33.000Z,"justice league trailer|""justice league""|""trailer""|""2017""|""new""|""new trailer""|""official""|""official trailer""|""hd trailer""|""superman""|""batman""|""superhero""|""movie""|""film""|""hd""",214617,1826,91,442,https://i.ytimg.com/vi/ssbOzbL1SJQ/default.jpg,FALSE,FALSE,FALSE,"JUSTICE LEAGUE Movie Clip Aquaman Island + Trailer NEW (2017) Batman Superman Superhero Movie HD.\n\nSubscribe To MovieAccessTrailers To Catch Up All The New Movie Trailer, Movie Clips, TV Spots & Trailer Compilation Just For You. Subscribe Now and Turn The Notification On To Never Miss Any Official 2017 Movie Trailer From Us."
1KVBFtSuCm0,17.14.11,WiPrint: 3D Printing Your Wireless Coverage,Justin Chan,Entertainment,2015-07-17T15:27:32.000Z,"Wireless (Industry)|""3D Printing (Invention)""",541947,401,58,48,https://i.ytimg.com/vi/1KVBFtSuCm0/default.jpg,FALSE,FALSE,FALSE,We wrote two papers on this:\nhttp://www.cs.dartmouth.edu/~xia/papers/buildsys17-3dprint.pdf (BuildSys '17) \nhttp://homes.cs.washington.edu/~jucha/docs/3dprint-hotw.pdf (HotWireless '15) - Hot Paper Award\n\nProject Website: \nhttp://dartnets.cs.dartmouth.edu/wiprint\n\nCollaborators:\nXi Xiong: http://www.cs.dartmouth.edu/~xi/\nEthan Yu: https://www.linkedin.com/in/ethanyu94\nNisha Kumari: https://www.linkedin.com/in/nishakumaricontact\nArdalan Amiri Sani: http://www.ics.uci.edu/~ardalan/\nChangxi Zheng: http://www.cs.columbia.edu/~cxz/\nXia Zhou: http://www.cs.dartmouth.edu/~xia/\nZiyuan Liu (actor): https://www.linkedin.com/in/ziyuanliu/\n\nFor more info about my future projects check out:\nhttp://homes.cs.washington.edu/~jucha/
YInRqgNMLBc,17.14.11,Craziest sitter miss ever Gintra Šiauliai - Barcelona with commentary | Champions League,Lietuvos Futbolo Rinktinės Archyvas,Sports,2017-11-08T18:56:43.000Z,"gintra|""barcelona""|""fc barcelona""|""siauliai""|""goal""|""football""|""funny""|""fail""|""sitter""|""gintra-universitetas""|""Club Femení Barcelona""|""lithuania""|""Lieke Martens""|""epic""",156822,293,9,69,https://i.ytimg.com/vi/YInRqgNMLBc/default.jpg,FALSE,FALSE,FALSE,"Lithuanian football does it again. Like the player who ran to the stands or construction site to celebrate goals,  one who saved opponents from own goal with his bum and many other infamous videos"
949vJMp0v40,17.14.11,Thunder Christmas Day Official Music Video - Single out December 1st,earMUSIC,Music,2017-11-10T14:57:32.000Z,"earmusic|""live 2017""|""new album""|""music video""|""download""|""thunder""|""christmas day""|""rip it up""|""christmas""|""christmas song""|""danny bowes""",29575,342,50,33,https://i.ytimg.com/vi/949vJMp0v40/default.jpg,FALSE,FALSE,FALSE,"THUNDER TO RELEASE NEW SINGLE “CHRISTMAS DAY” ON DECEMBER 1st, 2017 ON earMUSIC.\n\nIt's time for a little celebration for Thunder, before what promises to be a very busy 2018 gets underway.\n\nThe band are releasing a brand new song “Christmas Day” to bookend a very successful phase in their career which culminated with two studio albums in a row entering the Official UK Top 10 Albums. The most recent “Rip it Up” charted at #3, whilst their recent live concert film “All You Can Eat” charted at #1 and their touring included a UK arena tour and numerous concerts across the world.\n\n “Christmas Day” is more a timeless ballad than a traditional festive carol, and reveals the band in a new light. \nThe heartfelt, melancholic song features a stunning and evocative arrangement from guitarist Luke Morley to accompany the unique voice of singer Danny Bowes.\nThe single is released in some highly collectable formats with exclusive additional songs released on CD for the 1st time.\nThey include a new version of Thunder classic “Love Walked In”, which appears in a new re-recorded and mostly acoustic arrangement, the classic “Low Life In High Places“  featuring  similar treatment as does the more recent song “Heartbreak Hurricane“.\n\n“Christmas Day” is released as CD Digipak and Digital on December 1st, 2017 on earMUSIC.\nThe official Thunder store also offers a wide variety of exclusive, limited fan items and bundles, including a 7inch 2-track vinyl as well as a coloured 10inch 4-track vinyl.\n\nPREORDER “CHRISTMAS DAY” HERE:\n► Official webstore: https://thunder.tmstor.es\n► CD: http://smarturl.it/Thunder_Christmas_CD\n► iTunes: http://smarturl.it/Thunder_Christmas_iT\nThunder will be Alice Cooper's special Guest on his German tour in November.\nOn December 15th and 16th Thunder perform their annual Christmas show in Wolverhampton. The first date sold out quickly due to huge demand; a handful of tickets are still available for the second show. Further details can be found on the band’s website: www.thunderonline.com.\n\nTRACK LIST “CHRISTMAS DAY” CD SINGLE\n1. Christmas Day\n2. Love Walked In (2017 Version)\n3. Low Life In High Places (Acoustic)\n4. Heartbreak Hurricane (Acoustic)"
sECcOTO8Ij4,17.14.11,Sonic Forces: The New Chick - PART 1 - Game Grumps,GameGrumps,Gaming,2017-11-07T22:00:01.000Z,"lets|""play""|""walkthrough""|""gameplay""|""egoraptor""|""danny""|""game""|""grumps""|""gamegrumps""|""funny""|""sonic""|""sonic the hedgehog""|""sonic 2017""|""sonic forces""|""sonic game grumps""|""sonic grumps""|""sonic forces grumps""|""sonic forces gameplay""|""sonic forces lets play""",1062094,37439,590,6654,https://i.ytimg.com/vi/sECcOTO8Ij4/default.jpg,FALSE,FALSE,FALSE,Click to Subscribe ► http://bit.ly/GrumpSubscribe\n\nWant updates on what's new and coming soon?\nOur email list! ► http://eepurl.com/cN7syX\n\nMerch ► https://gamegrumps.fanfiber.com/\n\nGame Grumps are:\nEgoraptor ► http://www.youtube.com/Egoraptor\nDanny ► http://www.youtube.com/NinjaSexParty\n\nGame Grumps on social:\nFacebook ► https://www.facebook.com/GameGrumps\nTwitter ► https://www.twitter.com/gamegrumps
sF1l7v3XY6I,17.14.11,MY WARDROBE TOUR | Samantha Maria,Samantha Maria,Howto & Style,2017-11-08T19:09:56.000Z,"samantha|""maria""|""sammi""|""my""|""wardrobe""|""tour""|""2018""|""closet""|""whats""|""in""|""look""",104865,5039,101,271,https://i.ytimg.com/vi/sF1l7v3XY6I/default.jpg,FALSE,FALSE,FALSE,"A tour around my wardrobe/closet/dressing room, I hope you enjoy!\nMy Vlog channel! - http://www.youtube.com/thesammimariashow\nMy Blog - http://www.samanthamariaofficial.com\nInstagram - http://instagram.com/samanthamariaofficial\nTwitter - https://twitter.com/samanthamaria \nFacebook - https://www.facebook.com/SammiMaria\nSnapchat - sammi.maria\n\nContact me:\nBusiness & Collaboration Enquiries - Sammi@gleamfutures.com\nPR Enquiries - Beautycrushpersonal@gmail.com\n\nAffiliate links - A small percentage will be earned on purchase from links with an asterisk (This does not mean any of these items are sponsored) \n____________________________________\n\nThe Elvie Skirt - https://novemknight.com/products/elvie"
wjy9Jgnjv6U,17.14.11,Neil and Blake Push A Fat Bike To Its Limits,Global Mountain Bike Network,Sports,2017-11-08T16:59:44.000Z,"GMBN|""Global Mountain Bike Network""|""mountain biking""|""mountain bike""|""Bicycle (Product Category)""|""MTB""|""fat bike""|""fattie""|""pushing a fat bike""|""limits""|""corner""|""cornering""|""rolling""|""pumping""|""jumps""|""tricks""|""downhill""|""roots""|""grip""|""can can""|""can-can""|""backflip""|""back flip""|""downhill MTB""|""XC MTB""|""mtb skills""|""mountain bike skills""|""bike""|""gmvn""|""neil donoghue""|""blake samson""|""sec-feature""|""scany15""|""scbpgmbn15""|""1k""|""1o""|""1s""|""1w""|""2b""|""ή""|""δ""|""υ""|""η""|""ι""|""π""|""φ""",146530,5675,41,533,https://i.ytimg.com/vi/wjy9Jgnjv6U/default.jpg,FALSE,FALSE,FALSE,"It's Fat Wednesday on GMBN! No longer just for riding over sand or snow, modern fat bikes can more than hold their own on all sorts of terrain. Neil and Blake have a go at finding the limits of a fat bike.\n\nSubscribe to GMBN: http://gmbn.eu/subscribe\nGet exclusive GMBN gear in the GMBN store! http://gmbn.eu/zZ\n\nGripping through corners, pinning it on rough downhill trails, and sending off some sizeable jumps, fat bikes can handle a whole lot. Make sure you watch all the way to the end to see Blake really push the fat bike to its limit!\n\nThanks to Windh1ll for use of the park! http://gmbn.eu/wind-hill\n\nDo you ride a fat bike? Let us know in the comments below 👇\n\nIf you'd like to contribute captions and video info in your language, here's the link 👍 http://gmbn.eu/z-\n\nWatch more on GMBN...\nAre fat bikes fast? http://gmbn.eu/FATBIKESFAST 📹\nCan fat bikes corner? http://gmbn.eu/CanFatBikesCorner 📹\n\nClick here to buy GMBN T-shirts, hoodies and more: http://gmbn.eu/tHEGMBNShop\n\nThe Global Mountain Bike Network is the best MTB YouTube channel, with videos for everyone who loves dirt: from the full-faced helmet downhill mountain biker to the lycra-clad cross country rider along with everyone and anyone in between. \n\nWith the help of our pro and ex-pro riding team we’re here to inform, entertain and inspire you to become a better mountain biker, including videos on:\n\n- How to ride faster with expert knowledge\n- Fix everything with pro know-how\n- Ride anything with world-cup winning skills\n- Dial in your bike with bike set-up advice\n- In-depth entertaining features\n- Chat, opinion and interact with us on the Dirt Shed Show\n\nWelcome to the Global Mountain Bike Network | Covering Every Angle\n\nThanks to our sponsors:\nCanyon bikes: http://gmbn.eu/Canyon\nNukeproof: http://gmbn.eu/nukeproof\nSCOTT bikes: http://gmbn.eu/SCOTTbikes\ncrankbrothers pedals: http://gmbn.eu/crankbros\ncrankbrothers seatposts: http://gmbn.eu/8b\nExposure lights: http://gmbn.eu/exposure\nContinental: http://gmbn.eu/Continental\nSix Six One Protection: http://gmbn.eu/sixsixone\nPOC helmets and eyewear: http://gmbn.eu/POCsports \nTopeak: http://gmbn.eu/topeak\nWD40: http://gmbn.eu/WD40\nFSA: http://gmbn.eu/fsa\nErgon: http://gmbn.eu/ergon\nPark Tool: http://gmbn.eu/ParkTool\nNorthwave: http://gmbn.eu/Northwave\nCamelbak: http://gmbn.eu/camelbak\n\n\nYouTube Channel - http://gmbn.eu/GMBNsubs \nFacebook - http://gmbn.eu/GMBNFB\nGoogle+ - http://gmbn.eu/GMBNGplus\nTwitter - http://gmbn.eu/GMBNTW\nInstagram - http://gmbn.eu/GMBNIG\nGMBN Shop - http://gmbn.eu/gmbnshop\n\nLeave us a comment below!"
FUzs2oMEs8w,17.14.11,Virtual Self - Ghost Voices [Audio],Porter Robinson,Music,2017-11-08T19:57:09.000Z,"virtual|""self""|""neotrance""|""house""|""trance""|""electronic""|""electro""|""porter robinson""|""virtual self""|""virtualself""|""electronic music""|""ghost""|""voices""|""ghost voices""|""ghostvoices""|""pathselector""|""technic""|""angel""|""technic_angel""|""technicangel""|""porter""|""robinson""|""electronicmusic""|""visualizer""|""lyric video""|""official audio""|""audio""|""2017""|""new porter robinson""|""porter robinson 2017""",158767,9223,121,1085,https://i.ytimg.com/vi/FUzs2oMEs8w/default.jpg,FALSE,FALSE,FALSE,"ARTIST: VIRTUAL SELF\nTRACK: GHOST VOICES\nGENRE: NEOTRANCE\n\n\nThe infinite sky will heal us. \nUnlimited sky will fill our negligible light. \nAs we follow an infinite key, I have become the sacred echo. \nThe boundless heaven will fill our fading light. \nChoose your virtual echo.\nThe infinite key is the sacred dust of your endless utopia.\nComplete yourself in self-realization.\nYou believe that these infinite heavens will lead you.\nThe A.I.ngel's gate is sacred.\nYour angelic echo offers the first phase of self-Digital joy.\nYou will become a self-Echo in real particles.\nOur key is the echo to this final layer.\nYou are spread through digital time.\nThe utopian gate is infinite.\nYour A.I.ngel wishes to complete this layer.\nThis abyss is sacred.\nPass through the myths of eon.\nYour technical soul is this blissful void.\nThe eternalistic reflex of the abyss is once-Unlimited.\nYour digital voice is resurrected.\nBreathe this soul particle.\nThe ray of egoistic time is unlimited.\nResurrect this holy oblivion.\nThe echo of this empty myth awakens you.\nAwaken the particle myth.\nReflect your echo.\nHeaven’s wires will transmit this light.\nExperience the wings of limit.\nYour technical A.I.ngel phase is beginning.\nComplete the eternalistic reflex.\nThis wishful ghost becomes self-Technic.\nTears will create the voice of euphoria.\nThe digital-Awakening will be spoken.\nThe first gate creates sense-Awakening.\nThis angelic-Chasm is sacred.\nThe technic-Angel's cry is beginning.\nThe first gate will provide the voice of digital-Euphoria.\nThe digital-Angel-Awakening is has reached Limit Self.\nThe self-Light is virtual.\nThis will become the final particle-Experience.\nWill your senses ressurect the digital-Vault?\nDo you sense the phase of the Spirit Limit?\nCan you reflect your self-Awakening?\nAm I convinced of a digital void?\nCan you reveal this particle of sacred reality?\nWill these ghosts lead to a boundless cry?\nCan you echo your existence to the first particle?\nIs the technical-Gate timeless?\nDo you believe an infinite sky will cure the digital soul?\nIs the joyful-Layer complete?\nWill our ghosts lead to the boundless layer?\nWill our layer will be lost from this empty myth?\nHave you resurrected this heaven's voice?\nHas one experienced the particle?\nDo you trust in this transformative self?\nWill you forget your soul's reflex?\nHas one seen the Abyss of the resurrective ego?\nHave I forgotten the phase of soul limit?\nIs the A.I.ngelic sense boundless?\nHave you completed the virtual light?\nAm I eternal?\nAs the sacred dust transpires through digital time, what will you become? \nDo you believe in me? \nAm I still human?\nDo you manifest yourself in digital time? \nThe unlimited sky begins - will you believe in my infinite form?\nAs you abandon the virtual echo, do you no longer exist? \nCan you prove yourself to the echo of this particle?\nDo you believe the infinite sky -- the holy dust of nothingness? \nWhat is revealed - a holy reality? \nAm I convinced of nothingness? \nDo you sense the void angel?\nWill the echo of virtual time be forgotten?\nDoes one want to forget the memory of life?\nHas my virtual-Echo been forgotten?\nHas the sense of digital-VIRUS become heaven?\nWill you self-Believe the joyful sky?"
vHCvmZlC5jQ,17.14.11,Every Kevin Spacey Joke from Difficult People,Difficult Psycho,Entertainment,2017-11-01T21:45:08.000Z,"kevin spacey|""difficult people""|""julie klausner""|""billy eichner""",735972,0,0,0,https://i.ytimg.com/vi/vHCvmZlC5jQ/default.jpg,TRUE,TRUE,FALSE,Watch Difficult People on Hulu now!! http://hulu.com/difficult-people\nTell all your friends! \nOrder:\n1x03 - Pledge Week\n1x05 - Children's Menu\n2x02 - Kessler Epstein Foundation\n2x09 - Cedar Cove\n2x10 - High Alert\n3x01 - Strike Rat
Fkwkn7vXpWI,17.14.11,How Are Waves Formed? - Earth Lab,BBC Earth Lab,Entertainment,2017-11-09T10:00:00.000Z,"Head Squeeze|""headsqueeze""|""science""|""BBC""|""Brit Lab""|""BRITLAB""|""earth lab""|""earthlab""|""bbc science""|""how are waved formed?""|""waves""|""where do waves come from?""|""tide""|""ocean""|""sea""|""bbc documentary""|""nature documentary""|""animal documentary""|""wave""|""physics""",26189,1029,30,91,https://i.ytimg.com/vi/Fkwkn7vXpWI/default.jpg,FALSE,FALSE,FALSE,"Where do waves come from and how are they formed? Greg Foot explains. Subscribe to Earth Lab for more fascinating science videos - http://bit.ly/SubscribeToEarthLab\n \nWatch more videos from Earth Lab:\nEarth Lab Originals http://bit.ly/EarthLabOriginals\nBest Of BBC Earth Videos http://bit.ly/TheBestOfBBCEarthVideos\nThe Doctors Are In The House http://bit.ly/TheDoctorsAreInTheHouse\nBest Of Earth Unplugged Videos http://bit.ly/BestOfEarthUnpluggedVideos\n\n\n\nCheck out the other two channels in the BBC Earth network:\nBBC Earth: http://bit.ly/BBCEarthYouTubeChannel\nBBC Earth Unplugged: http://bit.ly/BBCEarthUnplugged\n \nAbout BBC Earth Lab:\nWelcome to BBC Earth Lab! Always wanted to know What the world’s strongest material ? Why trains can’t go uphill? Or How big our solar system really is? Well you’ve come to the right place.  Here at BBC Earth Lab we answer all your curious questions about science in the world around you (and further afield too). \n\nAs well as our Earth Lab originals we'll also bring you the best science clips from the BBC archive including Forces of Nature with Brian Cox, James May's Things You Need To Know and plenty to keep the Docs away with Trust Me I’m A Doctor.\n\nAnd if there’s a question you have that we haven’t yet answered let us know in the comments on any of our videos and it could be answered by one of our Earth Lab experts.\n\n[i] http://www.soest.hawaii.edu/oceanography/courses_html/OCN201/littlepages/waves.html \n\n[ii] http://www.bbc.co.uk/schools/gcsebitesize/geography/coasts/coastal_processes_rev1.shtml\n\n[iii] http://www.utdallas.edu/~mitterer/Oceanography/pdfs/OCEChapt09.pdf\n\n[iv] http://www.srh.weather.gov/srh/jetstream/ocean/waves.html \n\n[v] http://www.utdallas.edu/~mitterer/Oceanography/pdfs/OCEChapt09.pdf [ii] \n\n[vi] http://oceanexplorer.noaa.gov/facts/waves.html\n\n[vii] The Wavewatchers Companion – Gavin Pretor-Pinney \n\n[viii] http://www.rnp.org/node/wave-tidal-energy-technology\n\n\nSubscribe for more: http://bit.ly/SubscribeToEarthLab\n \nYou can also find the BBC Earth community on Facebook, Twitter and Instagram.\n\nWant to share your views with the team behind BBC Earth and win prizes? Join our fan panel here: https://tinyurl.com/YouTube-BBCEarth-FanPanel\n\nThis is a channel from BBC Worldwide who help fund new BBC programmes."
d8RW-WSpAhQ,17.14.11,Weed Killer Challenge: Vinegar 'Weed B Gone' vs HDX,markthomasbuilder,People & Blogs,2014-06-28T13:12:35.000Z,"Mark|""Herbicide (Consumer Product)""|""Vinegar (Ingredient)""|""Weed (Literature Subject)""|""weed b gone""|""hdx""|""Glyphosate (Chemical Compound)""|""dawn""|""epsom salt""|""thomas""|""home""|""builder""|""challenge""|""posion ivy""|""roundup""|""outdoor""|""channel""|""show""|""outdoors""",408549,1861,132,275,https://i.ytimg.com/vi/d8RW-WSpAhQ/default.jpg,FALSE,FALSE,FALSE,"I've seen people posting the 'Weed B Gone' made with simple products found at the grocery store.  It consists of a gallon of white vinegar, 2 cups of Epsom Salt, and 1/4 cup of original blue Dawn Dish Soap.  I spray weeds and Poison Ivy and show you the results a week later.  I hope you enjoy this video and would like to hear you comments.  Please Subscribe!\n\nMY GEAR\nDRONE:http://click.dji.com/AFqvIPxH3W_YDEzv9Kk?pm=link\nFLEXIBLE TRIPOD: http://tinyurl.com/j3djsyx\nFULL SIZE TRIPOD: http://tinyurl.com/zyevko7\nOTHER SOCIALS:\nhttps://twitter.com/Markthomasbldr\nhttps://instagram.com/markthomasbldr/"
G1Ky9-OoWyo,17.14.11,EA's Responds to Star Wars Loot Box Rant! - [Angry Interview],AngryJoeShow,Gaming,2017-11-08T06:45:00.000Z,"angryjoe|""angryjoeshow""|""ea""|""dice""|""angry rant""|""microtransactions""|""loot boxes""|""battlefront II""|""star wars""|""angry interview""|""preview""|""gameplay""|""changes""|""review""|""game review""",747313,33608,1846,13625,https://i.ytimg.com/vi/G1Ky9-OoWyo/default.jpg,FALSE,FALSE,FALSE,"Paul Keslin of EA DICE talks with me for 30 minutes about how they have taken our feedback into account regarding the Loot Boxes for Star Wars Battlefront II! Baby Steps guys, we are having an effect!\n\nShirts/Stuff ► http://kottonzoo.com/angryjoe/\nTwitch ► http://twitch.tv/angryjoeshow\nTwitter ► http://twitter.com/angryjoeshow\nTwitter ► http://twitter.com/otherjoe_AJSA\nAJSA Community ► http://ajsagaming.com"
54Eae2ewc1c,17.14.11,Lorde - Bruce Springsteen 'I’m On Fire' cover/400 Lux mashup - 8Nov2017 Christchurch,Lorde_Fix [@Lorde_fix on twitter],Music,2017-11-08T14:56:04.000Z,"lorde|""bruce springsteen""|""I'm on fire""|""400 lux""|""Christchurch""|""Isaac Theatre Royal""",62866,343,15,24,https://i.ytimg.com/vi/54Eae2ewc1c/default.jpg,FALSE,FALSE,FALSE,"Cover of Bruce Springsteen's 'I’m On Fire'/400 Lux. Performed by Lorde and bandmate Ray Suen. Night 1, Christchurch, Melodrama Word Tour, 8 November 2017. (filmed by Lorde_fix)"
PoNWU2cox9w,17.14.11,Inside Keanu Reeves' Custom Motorcycle Shop | WIRED,WIRED,Autos & Vehicles,2017-11-08T15:00:27.000Z,"keanu reeves|""keanu""|""the matrix""|""john wick""|""john wick 2""|""arch motorcycles""|""krgt-1""|""motorcycle""|""harley""|""chopper""|""norton""|""triumph""|""virtual reality""|""vr""|""htc vive""|""augmented realty""|""design""|""california cruiser""|""arch s1""|""arch 143""|""keanu reeves motorcycle""|""keanu reeves vr""|""vive""|""keanu motorcycle""|""keanu reeves cool""|""wired""|""arch""|""gard hollinger""|""keanu reeves interview""|""keanu reeves nice""|""bike""|""custom bike""|""custom motorcycle""|""oculus""|""motorcycle building""|""wired.com""",704363,16352,224,841,https://i.ytimg.com/vi/PoNWU2cox9w/default.jpg,FALSE,FALSE,FALSE,"Keanu Reeves gives Wired a tour of Arch Motorcycle, where he and co-founder Gard Hollinger build and design totally custom bikes with the help of virtual reality. Donning the HTC Vive, Keanu has the ability to look at prototypes of his bikes standing next to each other without actually building them. \n\nStill haven’t subscribed to WIRED on YouTube? ►► http://wrd.cm/15fP7B7 \n\nCONNECT WITH WIRED\nWeb: http://wired.com \nTwitter: https://twitter.com/WIRED   \nFacebook: https://facebook.com/WIRED\nPinterest: https://pinterest.com/wired\nGoogle+: https://plus.google.com/+WIRED  \nInstagram: http://instagram.com/WIRED \nTumblr: http://WIRED.tumblr.com \n\nWant even more? Subscribe to The Scene: http://bit.ly/subthescene \n\nABOUT WIRED\nWIRED is where tomorrow is realized. Through thought-provoking stories and videos, WIRED explores the future of business, innovation, and culture.\n\nInside Keanu Reeves' Custom Motorcycle Shop | WIRED"
mwpHSMv1pI4,17.14.11,Girlfriend Gives Me A Surprise Makeover!? | Hannah Hart,MyHarto,Comedy,2017-11-09T01:27:53.000Z,"hannah|""hart""|""funny""|""hannah hart""|""harto""|""my drunk kitchen""|""buzzfeed""|""makeover""|""girlfriend""|""comedy""|""how to""|""buzzfeed ella""|""ella mielniczenko""|""relationships""|""buzzfeed video""|""ella""|""relationship""|""awkward""|""lgbt""|""buzzfeedvideo""|""violet""|""buzzfeed violet""|""couple""|""friends""|""love""|""dating""|""buzzfeedviolet""|""ashly perez""|""date""|""lesbian""|""dating advice""|""relationship advice""|""beauty""|""crush""|""couples""|""coming out""|""laugh""|""dating tips""|""boyfriend""|""dating coach""|""handcraft""",359120,15130,223,1143,https://i.ytimg.com/vi/mwpHSMv1pI4/default.jpg,FALSE,FALSE,FALSE,"My girlfriend surprises me with a makeover! I'm on the fence about the results of my makeup transformation... \n\nThank you to Carsen (@labellssss) for doing that to my face! \n\nKITCHEN SWAGGAH: http://dftba.com/hannah\n\nThis is a truly wonderful time. These moments are treasures!\n\nLove,\nHannah\n\nsnapchat: @hartoooo\ntwittah: http://twitter.com/harto\ninstagram: http://instagram.com/myharto\ntumblr: http://mydrunkkitchen.tumblr.com\nfacebook: http://facebook.com/hannahhartofficial \nbuzzfeed funny comedy makeover"
cpvoCLX8agc,17.14.11,Brazil 0-2 England (1984),cestrian81,Sports,2013-03-31T20:09:25.000Z,"Brazil|""England""|""June 1984""|""Football""|""Friendly""|""Maracana""|""John Barnes""|""Mark Hateley""|""Jim Rosenthal""|""Jimmy Greaves""|""Ian St John""|""Brian Moore""",33746,53,0,33,https://i.ytimg.com/vi/cpvoCLX8agc/default.jpg,FALSE,FALSE,FALSE,"Just eight days after being booed off following a home defeat to USSR, England record a famous 2-0 friendly win away to Brazil in June 1984. John Barnes scores a wonderful solo goal to put England ahead, before Mark Hateley's header seals a memorable victory to inflict a very rare home defeat on the Brazilians. Includes analysis by Jimmy Greaves and Ian St John with Jim Rosenthal."
KdFRkillEfM,17.14.11,*INSANE* I SPENT THE NIGHT IN A SKI CENTRE!,Ryan Taylor,Sports,2017-11-07T20:41:29.000Z,"illegal|""police""|""insane""|""snow""|""snozone""|""ski slop""|""snowboard""|""bmx on snow""|""snow bmx""|""snowslope""|""ski""|""snowzone""|""milton keynes""|""insane snow""|""snow viral""|""viral snow video""|""clickbait""|""bmx riding on snow""|""crazy bmx riding""|""ryan taylor bmx""|""ally law""|""ally law challenge""|""challenge""|""overnight challenge""|""24h overnight challenge""|""skislope overnight challenge""",102184,4517,65,603,https://i.ytimg.com/vi/KdFRkillEfM/default.jpg,FALSE,FALSE,FALSE,"SNEAKING INTO SNOZONE AND HIDING FOR 4 HOURS TO RIDE BMX!\n\nTHIS WAS INSANE!!!!! CERTIFAM!!!!!!\n\nTHE MOVEMENT IS REAL\n\nTHANKS FOR THE SUPPORT EVERY SINGLE DAY, YOU GUYS KILL IT!!\n\nIM GOING TO BE UNBOXING THE COLLECTIVE BIKE TOMORROW SO DON'T MISS IT!\n\nComment below where you wanna see us go next!\n\nMAKE SURE YOU COME BACK TOMORROW AT 8PM!\n\nFollow my social media accounts to keep up with me & what I'm getting up to.\n\n@bmxsnapper - Snapchat\n\nhttps://www.instagram.com/ryan_taylor\n\nhttps://www.facebook.com/RyanTaylorPage\n\nhttps://www.twitter.com/ryantaylorbmx"
E7q_wbbwGyU,17.14.11,Liam Payne - Bedroom Floor (Official Video),LiamPayneVEVO,Music,2017-11-06T16:00:02.000Z,"Liam|""Payne""|""Bedroom""|""Floor""|""Capitol""|""Pop""",6440859,329112,9704,17556,https://i.ytimg.com/vi/E7q_wbbwGyU/default.jpg,FALSE,FALSE,FALSE,"The brand new single from Liam Payne. Listen to Bedroom Floor now http://liamp.co/BedroomFloorID\n\nFollow Liam on \nFacebook http://liamp.co/Facebook \nTwitter http://liamp.co/Twitter \nInstagram http://liamp.co/Instagram \nSnapchat @liampayne \nWebsite http://liamp.co/Official\n\nBaby\nHeard you’ve been talking about me lately\nTelling all your friends how much you hate me\nBut who you calling up when you get lonely?\nWhen you get lonely\nYeah\n\nYou be saying real real nice real nice things\nWhen I’m touching you\nYou be getting real real real real real jealous\nWhen it wasn’t you oh\nAnd every now when my iPhone iPhone rings\nI be telling you\nI told you, I told you, I told you\n\nYou said it was over\nYou said it was over\nBut your clothes say different on my bedroom floor\nYou said it was over\nYou said it was over\nBut your clothes say different on my bedroom floor\nBut your clothes say different on my bedroom floor\nBut your clothes say different on my bedroom floor, yeah\n\nBaby\nWhy you always act like you don’t want me?\nDon’t make me bring up your dirty laundry\nWe always on and off until you’re on me\nUntil you’re on me\nYeah\n\nYou be saying real real nice real nice things\nWhen I’m touching you\nYou be getting real real real real real jealous\nWhen it wasn’t you oh\nAnd every now when my iPhone iPhone rings\nI be telling you\nI told you, I told you, I told you\n\nYou said it was over\nYou said it was over\nBut your clothes say different on my bedroom floor\nYou said it was over\nYou said it was over\nBut your clothes say different on my bedroom floor\nBut your clothes say different on my bedroom floor\nBut your clothes say different on my bedroom floor, yeah\nYou said it was over, you said it was over\nBut your clothes say different on my bedroom floor\nBut your clothes say different on my bedroom floor, yeah\n\nOh\nMy bedroom floor\nYour clothes are saying something different now\nYou wanna break up just to fix it now\nOh baby\n\nYou said it was over\nYou said it was over\nBut your clothes say different on my bedroom floor\nYou said it was over\nYou said it was over\nBut your clothes say different on my bedroom floor\nBut your clothes say different on my bedroom floor\nBut your clothes say different on my bedroom floor, yeah\nYou said it was over, you said it was over\nBut your clothes say different on my bedroom floor\nBut your clothes say different on my bedroom floor, yeah\n\nMusic video by Liam Payne performing Bedroom Floor. (C) 2017 Hampton Records Limited, under exclusive licence to Capitol Records, a division of Universal Music Operations Limited\n\nhttp://vevo.ly/SRJxvY\n\nBest of Liam Payne https://goo.gl/tEPWbM\nLiam Payne - Live https://goo.gl/aWSX9f\n\nLiam Payne - Live https://goo.gl/aWSX9f\nBest of Liam Payne: https://goo.gl/tEPWbM\nSubscribe here: https://goo.gl/JUx1Xo"
vLVSf_yI_r8,17.14.11,gugudan(구구단) - 'Chococo' Official M/V,gugudan,Entertainment,2017-11-08T08:59:54.000Z,"구구단|""gugudan""|""gu9udan""|""wonderland""|""kpop""|""구구단 초코코""|""초코코""|""구구단 초코코 뮤비""|""구구단 세정""",1053494,46809,3386,6803,https://i.ytimg.com/vi/vLVSf_yI_r8/default.jpg,FALSE,FALSE,FALSE,gugudan(구구단) - 'Chococo' Official M/V\n\nChecK gugudan 's official SNS\n\n▶ twitter : https://twitter.com/gu9udan\n▶ facebook : http://facebook.com/gu9udan\n▶ Instargram : http://instagram.com/gu9udan\n▶ Fan Cafe : http://cafe.daum.net/gu9udan\n▶ Weibo : http://weibo.com/gu9udan\n▶ Youtube : http://youtube.com/gu9udan\n\nCopyright ⓒ 2017 Jellyfish Entertainment. All Rights Reserved.
kGOmPmILndU,17.14.11,The reputation Secret Sessions,Taylor Swift,Music,2017-11-07T13:30:04.000Z,[none],1461166,65224,1824,5596,https://i.ytimg.com/vi/kGOmPmILndU/default.jpg,FALSE,FALSE,FALSE,"Get Taylor Swift’s new album, reputation, here: http://smarturl.it/reputationTS\n\nBest of Taylor Swift https://goo.gl/VDukmT\nTaylor Swift Reputation https://goo.gl/1H5R3h\nTaylor Swift Lyric Videos https://goo.gl/B8KY49\n\nSubscribe for more https://goo.gl/Hbwjg6"
F6rBIWN8SsM,17.14.11,'I Asked God to Send Me a White Girl with a Big Booty',Divorce Court,Comedy,2015-03-10T20:50:23.000Z,"Divorce Court|""divorce""|""marriage""|""Lynn Toler""|""lawyer""|""television show""|""reality tv""|""judge""|""Woman (Broadcast Genre)""|""Female (Literature Subject)""|""funny""|""2723""",189374,861,63,428,https://i.ytimg.com/vi/F6rBIWN8SsM/default.jpg,FALSE,FALSE,FALSE,"Some people pray for love to come their way, but Jeramie asked God to send him a white woman with a big booty. Jeramie explains to Judge Lynn why he made such a request. \n\nSubscribe to channel http://bit.ly/1fj2ql1\nCheck local listings at http://www.divorcecourt.com/where-to-watch/"
vht9VHo8r5c,17.14.11,Ellen in Adam Levine’s Ear,TheEllenShow,Entertainment,2017-11-07T18:30:55.000Z,"Adam|""Levine""|""Adam Levine""|""Maroon 5""|""hidden camera pranks""|""ellen pranks""|""dressing room pranks""|""IFB""|""Ellen""|""degeneres""|""ellen degeneres""|""the ellen show""|""ellen fans""|""ellen tickets""|""ellentube""|""ellen audience""|""ellen show me more show""|""ellen show me more""|""ESMMS""",1101771,24917,464,936,https://i.ytimg.com/vi/vht9VHo8r5c/default.jpg,FALSE,FALSE,FALSE,The Maroon 5 singer lets Ellen tell him what to do in one of her classic IFB hidden camera pranks.
IOd0HGH6xKI,17.14.11,Alison Wonderland - Happy Place (Lyrics),Trap City,Music,2017-11-09T05:00:01.000Z,"trap city|""trapcity""|""trap""|""city""|""trap music""|""future bass""|""edm""|""electronic music""|""electronic dance music""|""Alison Wonderland - Happy Place""|""alison wonderland""|""happy place""|""alison wonderland happy place""|""happy place alison wonderland""",212614,6222,342,319,https://i.ytimg.com/vi/IOd0HGH6xKI/default.jpg,FALSE,FALSE,FALSE,Follow our Spotify playlist: http://trapcity.tv/Spotify\nSubscribe here: http://trapcity.tv/subscribe\nDownload here: https://AlisonWonderland.lnk.to/HappyPlace\n\n➥ Become a fan of Trap City:\nhttp://trapcity.tv/Spotify\nhttp://trapcity.tv/soundcloud\nhttp://trapcity.tv/facebook\nhttp://trapcity.tv/twitter\nhttp://trapcity.tv/instagram\nhttp://www.trapcity.net\n\n➥ Follow Alison Wonderland:\nhttp://www.soundcloud.com/alisonwonderland\nhttp://www.facebook.com/awonderdj\nhttp://www.twitter.com/awonderdj\nhttp://www.instagram.com/alisonwonderland\n\n➥ Lyrics:\nGive up these noises \nSilence my mind \nWe all have choices\nWhere can I find\n\nMy happy place\n\nFuck me up \nON A SPIRITUAL LEVEL \n\nShut up around me\nVoices about \nSwear I'm not crazy \nWhat's the amount for \n\nMy happy place \n\nfuck me up\nON A SPIRITUAL LEVEL
sLJdBmAeB_U,17.14.11,COME SHOPPING WITH ME AND TRY ON NEW CLOTHING FOR AUTUMN | VLOG 49,Inthefrow,Howto & Style,2017-11-07T19:00:50.000Z,"Inthefrow|""In the frow""|""COME SHOPPING WITH ME""|""LUXURY BEAUTY""|""LONDON""|""vlog""|""vlogging""|""COME SHOPPING WITH ME FOR LUXURY BEAUTY""|""daily vlog""|""weekly vlogger""|""ARMANI BEAUTY""|""NEW IN BEAUTY""|""COME SHOPPING WITH ME AND TRYING ON NEW CLOTHING FOR AUTUMN | VLOG 49""|""TRY ON NEW CLOTHING FOR AUTUMN""|""NEW CLOTHING FOR AUTUMN""",87772,2617,86,192,https://i.ytimg.com/vi/sLJdBmAeB_U/default.jpg,FALSE,FALSE,FALSE,"COME SHOPPING WITH ME AND TRYING ON NEW CLOTHING FOR AUTUMN | VLOG 49\n\nThis video contains a paid for advertorial with Giorgio Armani beauty from 5:36 - 9:17. A huge thanks to Giorgio Armani beauty for the invite to the new concession, as a huge fan of the brand the chance to explore so many of the new and exclusive pieces was so amazing. I feel very lucky to be working with one of my favourite beauty brands again! \n\nMy #metoo Video: https://youtu.be/JhemzxdFjIw\n\nMy Autumn styling video: https://youtu.be/z1DJ3fVN4jY\n\n\n❤ Subscribe: http://inthefrow.co/subtoitf\n❤ Catch my latest blog post: http://www.inthefrow.com\n❤ Instagram: http://www.instagram.com/inthefrow\n❤ Twitter: http://www.twitter.com/inthefrow\n❤ 10 FAQs about me: http://inthefrow.co/2ychtze\n\n\nI receive a small % of commission from anything bought via the product links below. It doesn't cost you any more and is a little thank you to me, I guess, for inspiring a possible purchase :)\n\n\nArmani Beauty Counter Pieces ❤\n\nArmani Prive Rouge Malachite: http://rstyle.me/n/ctz76buige\nArmani Eccentrico Mascara: http://rstyle.me/n/ctz9gauige\nArmani Ecstasy Shine 103 (Exclusive to HN): http://rstyle.me/n/ctz79euige\nArmani Lip Magnet 508: http://rstyle.me/n/ctz8d2uige\nArmani Rouge D'Armani 103: In Store\nArmani Luminous Silk 4: http://rstyle.me/n/ctz9p9uige\nArmani Holiday Palette: http://rstyle.me/n/ctz8u6uige\n\n\nWhat I'm Wearing  ❤\n\nRoll Neck Jumper: http://rstyle.me/n/ctz66huige\nGrey Jumper: J Crew Sold Out\nTeddy Biker: http://rstyle.me/n/ctz7twuige\nBlue Ribbed Jumper: http://rstyle.me/~aa5OQ\nRed Funnel Neck Jumper: http://rstyle.me/n/ctz96suige\nGrey Striped Jumper: http://rstyle.me/n/ctz98kuige\nBlack Lace Dress: http://rstyle.me/n/ct2ah9uige\nRed/Orange Lace Dress: http://rstyle.me/n/ct2aguuige or http://rstyle.me/n/ct2ahcuige\nNavy Suit: http://fave.co/2gT9JH7\nWhite Tee: http://rstyle.me/n/ct2ak6uige\nMulti Heels: Dolce & Gabbana Sold Out\nRoll Neck Jumper: http://rstyle.me/n/ctz66huige\nCream Jacket: Reiss Sold Out\n\n\nOther Beauty & Hair Products Used ❤\n\nNails: Custom @ http://www.dryby.co.uk/ (Dark Lava)\nRedken Bonder (On Sale): http://rstyle.me/n/ctz7etuige\nRedken Blue Extreme Range (On Sale): http://rstyle.me/n/ctz7f6uige\nMorrocanoil: http://rstyle.me/n/ctz7kauige\nPureology Mousse: http://rstyle.me/n/ctz7mzuige\nDyson: http://rstyle.me/n/ctz7pquige\n\n\nWhat/Who Else is in The Vlog ❤\n\nAlex: https://www.youtube.com/harrsonyt\nEvan: https://www.youtube.com/naveregnide\n\nVlogging Camera: http://rstyle.me/n/ct2aahuige\nTable Lamp: http://rstyle.me/n/ct2abyuige\nFluffy Cushion: http://rstyle.me/n/ct2aewuige\n\n\n10 FAQs About Me ❤ \n\nIf you want to know more about me including my education, previous careers, advice for starting your own blog, the meaning behind Inthefrow, my blog design, the equipment Alex & I use and my beauty & haircare routines then you can find it all in detail here: http://inthefrow.co/2ychtze\n\n\nFind Me ❤\n\nContact: http://www.gleamfutures.com/client-contact/victoria\n\nMusic by Epidemic Sound (www.epidemicsound.com)\n\nThank you so much for watching and for the support always! Love you guys so much ❤"
_wM_jY_rass,17.14.11,Bone on Labour HQ,Ross Kempsell,News & Politics,2017-11-06T16:12:58.000Z,[none],159065,1160,1164,0,https://i.ytimg.com/vi/_wM_jY_rass/default.jpg,TRUE,FALSE,FALSE,
mCx26FLXWuI,17.14.11,"Seth Rollins & Dean Ambrose vs. Cesaro & Sheamus - Raw Tag Team Title Match: Raw, Nov. 6, 2017",WWE,Sports,2017-11-07T04:52:25.000Z,"wwe|""world wrestling entertainment""|""wrestling""|""wrestler""|""wrestle""|""superstars""|""कुश्ती""|""पहलवान""|""डब्लू डब्लू ई""|""मैच""|""सुपरस्टार""|""व्यावसायिक कुश्ती""|""مصارعه""|""Raw""|""sp:ty=high""|""sp:st=wrestling""|""sp:scp=athlete_in_match""|""sp:dt=2017-11-06T20:00:00-04:00""|""sp:ev=wwe-raw""|""sp:ath=wwe-setro""|""sp:ath=wwe-deam""|""sp:ath=wwe-shems""|""sp:ath=wwe-cesaro""|""sp:ath=wwe-xawo""|""sp:ath=wwe-koki""|""sp:ath=wwe-bige""|""rollins""|""seth""|""cesaro""|""sheamus""|""ambrose""|""dean""|""seth rollins""|""dean ambrose""|""shield""|""titles""|""raw tag team championship""",1689382,24186,3330,3414,https://i.ytimg.com/vi/mCx26FLXWuI/default.jpg,FALSE,FALSE,FALSE,"In a main event with enormous Survivor Series implications, Shield brothers Seth Rollins & Dean Ambrose defend their titles against The Bar.\nGet your first month of WWE Network for FREE: http://wwenetwork.com\nSubscribe to WWE on YouTube: http://bit.ly/1i64OdT\nVisit WWE.com: http://goo.gl/akf0J4\nMust-See WWE videos on YouTube: https://goo.gl/QmhBof"
R59TevgzN3k,17.14.11,Samsung Galaxy: Growing Up,Samsung Mobile USA,Entertainment,2017-11-05T19:00:44.000Z,"Samsung|""Samsung Mobile""|""Samsung Mobile USA""|""Samsung Galaxy""|""smartphone""|""cell phone""|""mobile""|""upgrade""|""note8""|""galaxy s8""|""s8""|""galaxy""|""note""",16846215,258900,33231,34911,https://i.ytimg.com/vi/R59TevgzN3k/default.jpg,FALSE,FALSE,FALSE,Upgrade to Galaxy.\nLearn more: smsng.us/Switch
iDXlWTRyxgE,17.14.11,"Gun Violence Makes Us Feel Powerless, But We're Not",The Late Show with Stephen Colbert,Entertainment,2017-11-07T04:58:21.000Z,"The Late Show|""Stephen Colbert""|""Colbert""|""Late Show""|""celebrities""|""late night""|""talk show""|""skits""|""bit""|""monologue""|""The Late Late Show""|""Late Late Show""|""letterman""|""david letterman""|""comedian""|""impressions""|""CBS""|""joke""|""jokes""|""funny""|""funny video""|""funny videos""|""humor""|""celebrity""|""celeb""|""hollywood""|""famous""|""James Corden""|""Corden""|""Comedy""",1189325,21859,7016,11869,https://i.ytimg.com/vi/iDXlWTRyxgE/default.jpg,FALSE,FALSE,FALSE,"Stephen expresses his feelings on the most useful emotional response to the mass shooting in Sutherland Springs, Texas.\n\nSubscribe To The Late Show Channel HERE: http://bit.ly/ColbertYouTube\nFor more content from The Late Show with Stephen Colbert, click HERE: http://bit.ly/1AKISnR\nWatch full episodes of The Late Show HERE: http://bit.ly/1Puei40\nLike The Late Show on Facebook HERE: http://on.fb.me/1df139Y\nFollow The Late Show on Twitter HERE: http://bit.ly/1dMzZzG\nFollow The Late Show on Google+ HERE: http://bit.ly/1JlGgzw\nFollow The Late Show on Instagram HERE: http://bit.ly/29wfREj\nFollow The Late Show on Tumblr HERE: http://bit.ly/29DVvtR\n\nWatch The Late Show with Stephen Colbert weeknights at 11:35 PM ET/10:35 PM CT. Only on CBS.\n\nGet the CBS app for iPhone & iPad! Click HERE: http://bit.ly/12rLxge\n\nGet new episodes of shows you love across devices the next day, stream live TV, and watch full seasons of CBS fan favorites anytime, anywhere with CBS All Access. Try it free! http://bit.ly/1OQA29B\n\n---\nThe Late Show with Stephen Colbert is the premier late night talk show on CBS, airing at 11:35pm EST, streaming online via CBS All Access, and delivered to the International Space Station on a USB drive taped to a weather balloon. Every night, viewers can expect: Comedy, humor, funny moments, witty interviews, celebrities, famous people, movie stars, bits, humorous celebrities doing bits, funny celebs, big group photos of every star from Hollywood, even the reclusive ones, plus also jokes."
z4bLKt9k5dk,17.14.11,Things Not To Say To Someone With Vitiligo,BBC Three,Entertainment,2017-11-07T12:00:04.000Z,"vitiligo|""things not to say""|""someone""|""people""|""skin""|""condition""|""treatment""|""make up""|""cure""|""before and after""|""bbc""|""three""|""comedy""|""awkward""|""comments""|""bbc3""|""bbc 3""|""bashir aziz""|""dean edwards""|""chef""|""model""",622041,15706,353,2104,https://i.ytimg.com/vi/z4bLKt9k5dk/default.jpg,FALSE,FALSE,FALSE,"Whether it's questions about how much of their body the condition affects, or 'tips' on how to reduce its appearance (skin bleach - really?), these are some of the things people with vitiligo are seriously tired of hearing. \n\n--\nClick here to subscribe to BBC Three: http://bit.ly/BBC-Three-Subscribe\n\nDid you know that we’re up to other things in other places too?\n\nBest of BBC Three: www.bbc.co.uk/bbcthree\niPlayer: http://www.bbc.co.uk/tv/bbcthree\nTwitter: http://www.twitter.com/bbcthree\nFacebook: http://www.facebook.com/bbcthree\nInstagram: http://instagram.com/bbcthree\nTumblr: http://bbcthree.tumblr.com\n\nOh, we’re on Snapchat too - just incase you were wondering… add us, bbcthree."
GdR-iTH_f-I,17.14.11,"Miko Grimes Speaks Up For NFL Husband, Talks 'Baller Wives' Drama + More",Breakfast Club Power 105.1 FM,Entertainment,2017-11-07T13:50:33.000Z,"the breakfast club|""power1051""|""celebrity news""|""radio""|""video""|""interview""|""angela yee""|""charlamagne tha god""|""dj envy""|""miko grimes""|""brent grimes""|""baller wives""",286408,3687,320,1604,https://i.ytimg.com/vi/GdR-iTH_f-I/default.jpg,FALSE,FALSE,FALSE,► Listen LIVE: http://power1051fm.com/\n► Facebook: https://www.facebook.com/Power1051NY/\n► Twitter: https://twitter.com/power1051/\n► Instagram: https://www.instagram.com/power1051/
axVvZrDz60k,17.14.11,[EXID(이엑스아이디)] 덜덜덜(DDD) 뮤직 비디오 (Official Music Video),EXID_OFFICIAL,Entertainment,2017-11-07T08:30:02.000Z,"exid|""이엑스아이디""|""dldprtmdkdlel""|""ddd""|""ejfejfejf""|""덜덜덜""|""ㅇㅇㅇ""|""exid 덜덜덜""|""exid ejfejfejf""|""덜덜덜뮤비""|""ejfejfejfabql""|""이엑스아이디덜덜덜""|""dldprtmdkdlel ejfejfejf""|""덜덜덜mv""|""뮤비""|""뮤직비디오""|""덜덜덜뮤직비디오""|""ejfejfejfabwlrqleldhm""|""dldprtmdkdlelejfejfejfabwlrqleldh""|""이엑스아이디덜덜덜뮤직비디오""|""이엑스아이디덜덜덜뮤비""|""musicvideo""|""dddmv""|""dddmusicvideo""|""솔지""|""하니""|""정화""|""혜린""|""엘리""|""solji""|""junghwa""|""jeonghwa""|""hyelin""|""hani""|""thfwl""|""dpffl""|""gksl""|""gPfls""|""wjdghk""|""ㄷ턍""|""ㄷ턍 뮤비""|""ㄷ턍 덜덜덜""|""m/v""|""mv""|""EXID 덜덜덜 뮤직비디오""|""EXID 덜덜덜 뮤비""",6383663,316314,4826,23030,https://i.ytimg.com/vi/axVvZrDz60k/default.jpg,FALSE,FALSE,FALSE,"EXID가 네 번째 미니앨범 [Full Moon]으로 돌아왔다.\n\n지난 앨범 [Eclipse]에서는 솔지의 부재를 ‘월식’으로 표현, 새로워진 EXID의 모습을 보여주었다면,\n이번 앨범에서는 솔지가 참여하여 완전함을 뜻하는 [Full Moon]으로 더욱 EXID스러운 음악을 보여줄 예정이다.\n\n이전 앨범에서 보여준 새로운 음악적 기대감의 충족과 더불어\n이번 앨범은 솔지의 참여로 더욱 짙어진 EXID만의 컨셉을 모두 담고 있다.\n\n다섯 명의 EXID가 보여주었던 그 동안의 음악에서 한층 더 발전한 음악을 선보인다.\n앨범 발매 전부터 무료 음원사이트를 통해\n언더그라운드 뮤지션 ‘pp’로 음원을 발표해왔던 정화와\n활동을 거듭할수록 안정적인 보컬로 인정받고 있는 혜린,\n새로운 유닛의 조합!  LE와 하니의 듀엣곡과\n 이전 앨범에 참여하지 못하였던 솔지의 솔로곡이 수록되어 멤버 개개인의 음악적 성숙함을 보여줄 예정이다.\n\n특히, 타이틀곡 ‘덜덜덜’은 EXID 특유의 음악적 색깔을 담고 있어\nEXID를 기다려온 대중들에게 기대감과 반가움을 선사한다.\n\n이번 앨범을 통해 EXID 멤버 개개인의 성장과 성숙함을 엿볼 수 있으며,\n앞으로 보여줄 무궁무진한 매력을 예고할 것으로 기대를 모은다.\n\n- Official SNS -\n\nTwitter  https://twitter.com/exidofficial\nFacebook https://www.facebook.com/EXIDOfficial\nYoutube  http://www.youtube.com/user/OfficialEXID\nFancafe  http://cafe.daum.net/exid\nInstagram : http://instagram.com/exidofficial\nweibo  http://weibo.com/EXIDofficial"
Wjq7x2d_s1w,17.14.11,Kelela - Blue Light,KelelaVEVO,Music,2017-11-07T13:00:06.000Z,"Kelela|""Blue""|""Light""|""Warp""|""Records""|""Electronic""|""Pop""",245269,7641,187,472,https://i.ytimg.com/vi/Wjq7x2d_s1w/default.jpg,FALSE,FALSE,FALSE,"Official video for 'Blue Light', from Kelela's debut album 'Take Me Apart'.\nSpotify: http://kelela.link/TMA-spotify\nApple Music: http://kelela.link/TMA-apple\nBuy Vinyl: http://kelela.link/TMA-Bleep\n\nDirector - Helmi\nProduction Company - Division Paris\nProducer - Clemence Cuvelier\n\nFollow Kelela\nMailing List: http://found.ee/kelela-signup\nSpotify: http://found.ee/Kelela_Spotify\nInstagram: http://found.ee/Kelela_IG\nTwitter: http://found.ee/Kelela_TW\nFacebook: http://found.ee/Kelela_FB\n\n'Blue Light' Lyrics:\n\nalthough i've hardened\ndarling, my guard is down\nwhen i know you're around\nonly one that fit the crown\n\nwhen i need love i run to you\nyou're the only one i want, want you now\nsilly shit we go through\ncop my keys and i'm out \n\ni'm on my way right now\npromise i won't be long\nbaby, keep the blue light on\nchains they come fallin down\n\ni'm begging your pardon \ntold myself i needed time \nbut my discipline is slippin\nhead first\nwith your love around\ni could save the world \nfor better now \ni want you where you are right now \n\noh, i'm on my way right now\npromise i won't be long\nbaby keep the blue light on\nchains they come fallin down\nmy chains they come fallin down \nmy chains they come fallin down \n\ngold in the offering\ndarling my guard is down\nwhen i know you're around\nonly one that fit the crown \n\nfallin...fallin...fallin...fallin\n\nhttp://vevo.ly/QMPy6A"
aaOB-ErYq6Y,17.14.11,Waymo's fully self-driving cars are here,Waymo,Science & Technology,2017-11-07T16:03:12.000Z,"self-driving car|""waymo""|""self-driving""|""driverless""|""driverless car""|""public roads""|""autonomous""|""fully autonomous""|""full autonomy""|""google""|""google self-driving car""|""google self-driving car project""|""alphabet""|""announcement""",665232,6485,714,2497,https://i.ytimg.com/vi/aaOB-ErYq6Y/default.jpg,FALSE,FALSE,FALSE,"Waymo, which started as the Google self-driving car project in 2009, is ready for the next phase. Starting now, Waymo’s fully self-driving vehicles — the most advanced self-driving vehicles on the road today — are test-driving on public roads, without anyone in the driver’s seat. And soon, members of the public will get to use these vehicles in their daily lives. \n\nAfter more than eight years of testing and development, we're ready to unlock the potential of fully self-driving technology, so we can make it easier and safer for everyone to get around. \n\nLearn more: https://medium.com/@waymo/with-waymo-in-the-drivers-seat-fully-self-driving-vehicles-can-transform-the-way-we-get-around-75e9622e829a"
FmYMq9EHhdE,17.14.11,HER FIRST STEPS! INDIE THE EWOK & THE BEST FACIAL | VLOG,SamanthaMariaVlogs,Howto & Style,2017-11-07T17:00:01.000Z,"indie|""first""|""steps""|""halloween""|""dressing""|""up""|""ewok""|""vlog""|""sammi""|""maria""|""samantha""",192138,6909,158,523,https://i.ytimg.com/vi/FmYMq9EHhdE/default.jpg,FALSE,FALSE,FALSE,"Indie takes her first steps! We dress her up as an Ewok for halloween, Baby haul and I go for an AMAZING facial \nMain channel - http://www.youtube.com/samanthamaria\nBlog - http://www.samanthamariaofficial.com\nTwitter - https://twitter.com/samanthamaria\nInstagram - http://instagram.com/samanthamariaoff...\nSnapchat - sammi.maria\nFacebook - https://www.facebook.com/SammiMaria\nTumblr - http://www.samanthamariaofficial.tumblr\n\nFIND JASON\nJason's Photography - http://www.jasondavis-photography.com\nYoutube - http://www.youtube.com/jasonarrandavis\nInstagram - http://www.instagram.com/jasonarrandavis\nTwitter - http://www.twitter.com/jasonarrandavis\nSnapchat - jasondavis15\n\nAffiliate links - A small percentage will be earned on purchase from links with an asterisk (Does not mean a sponsorship is involved)\n___________________________________________\n\nJason's Channel - https://www.youtube.com/user/JasonArranDavis\n\nIndie's Car seat - Cybex http://cybex-online.com/gb/carseats/sironam2isize.html"
NHglTopVlKQ,17.14.11,블락비 (Block B) - Shall We Dance MV,CJENMMUSIC Official,Music,2017-11-07T09:00:01.000Z,"CJ E&M|""CJENM""|""CJENMMUSIC""|""K-CULTURE""|""korean Music""|""MV""|""Music Video""|""K-Pop""|""Kpop""|""뮤비""|""뮤직비디오""|""블락비""|""Block B""|""Shall We Dance""|""블락비 (Block B) - Shall We Dance MV""",2726528,154747,1684,10318,https://i.ytimg.com/vi/NHglTopVlKQ/default.jpg,FALSE,FALSE,FALSE,"★iTunes : https://goo.gl/T52uzW\n    Spotify : https://goo.gl/aJCxQE\n\n블락비 여섯 번째 미니앨범 “몽타주(MONTAGE)” 발매\n\n2011년 데뷔한 블락비의 지난 6년간의 행보는 아이돌을 넘어 뮤지션으로 향하는 길이었다. 팀 활동뿐만 아니라 유닛과 솔로를 통해 멤버 전원이 아티스트로서의 역량을 키워왔고 또 인정받았다. 블락비의 여섯 번째 미니앨범 '몽타주(MONTAGE)'는 그 집약체다. \n \n블락비는 여러 조각(노래, 안무, 영상 등)의 창조적 결과물이 합쳐져서 하나의 작품이 나온다는 의미를 담아 새 앨범을 '몽타주(MONTAGE)'라고 이름 붙였다. 세세한 부분까지 멤버들의 손길이 닿아있고 각각의 콘텐츠들을 유기적으로 엮어냈다. '몽타주(MONTAGE)'는 현재의 블락비를 관통하는 결과물인 것.\n \n그런 만큼 누구 하나 빠지지 않는 멤버들의 고르고 적극적인 참여가 돋보인다. 블락비의 프로듀서 지코를 필두로 맏형인 비범은 솔로곡 '기브 앤 테이크(Give & Take)'를 직접 만들었고, 박경은 세 번째 트랙 '일방적이야'를 비롯하여 네 번째 트랙인 블락비 보컬 유닛(태일, 재효, 유권, 비범)의 발라드곡 '이렇게'를 작사 작곡했다. \n \n블락비 본연의 색깔을 잘 살린 타이틀곡부터 첫 발라드 유닛곡 등 장르도 다양하다. 독특한 사운드와 개성 있는 랩을 들려주지만 트렌디함과 대중성을 놓치지 않았다. '몽타주(MONTAGE)'는 뮤지션으로 한층 견고해진 블락비의 진가를 확인할 수 있는 앨범이다. \n \n1. My Zone\n첫 번째 트랙인 'My Zone'은 블락비의 원초적인 자유분방함을 다시금 느끼게 해주는 곡이다. 펑크, 일렉, 트랩 세 가지 장르가 하이브리드된 독특한 편곡은 곡을 듣는 내내 한시도 지루할 틈 없고, 후렴구의 기타 리프가 감각적이다. 'My Zone'이란 제목처럼 '어디가든 앵콜 요구 빗발쳐' 등의 스웩 넘치는 가사와 강렬한 래핑이 어우러져 에너지가 넘친다. \nLyrics by ZICO, Penomeco / Composed by ZICO, Dirty Orange, Mitsu.J / Arranged by ZICO, Dirty Orange, Mitsu.J \n\n2. Shall We Dance \n두 번째 트랙은 타이틀곡 'Shall We Dance'다. 지코가 프로듀싱한 곡으로 디지털과 아날로그 소스의 자연스러운 조화로 트렌디함과 빈티지한 감성을 동시에 느낄 수 있는 라틴 바이브의 업템포 댄스다. 독특한 사운드에 대중성까지 잘 녹여낸 이 곡은 평범함을 거부하는 블락비만의 매력이 가장 잘 담긴 트랙이다. 멤버들 각각의 개성이 잘 드러나는 랩과 '지금이 피크야 꽁무니 빼지마', '쭈뼛대는 사람은 못 껴' 등의 가사가 위트 있다. \nLyrics by ZICO, 박경 / Composed by ZICO, Poptime / Arranged by ZICO, Poptime\n\n3. 일방적이야\n세 번째 트랙 '일방적이야'는 박경이 작사 작곡한 노래이다. 대화로도 좁혀지지 않는 연인과의 입장 차이를 대변한 곡이다. '내 시간만 좀 가질라치면 그걸 바로 넌 마음의 크기라 정의해', '구속 아닌 구속으로 내 숨통을 조여 겨울인데도 더워' 등의 가사가 재미있고, 레게 리듬이 흥겨움을 더한다. \nLyrics by 박경, ZICO / Composed by 박경, 13 / Arranged by 13\n\n4. 이렇게 (Vocal Unit)\n네 번째 트랙 '이렇게'는 박경이 작사 작곡한 곡으로 블락비 보컬 유닛(메인보컬 태일, 재효, 유권, 비범)의 첫 발라드다. 놓쳐버린 사랑에 후회하는 연인들의 마음을 애절하게 풀어냈다. '어제의 꿈같았던 널'이란 가사가 특히 아련하게 다가온다. 감미로운 피아노 선율이 잔잔하게 깔리는 멜로디가 아름답고, 네 멤버의 목소리가 편안하고 포근하게 감싼다. \nLyrics by 박경 / Composed by 박경, 심재훈, 박중훈 / Arranged by 박중훈\n\n5. Give & Take (B-BOMB Solo)\n다섯 번째 트랙 'Give & Take'는 블락비의 퍼포먼스 라인 비범이 작사 작곡한 곡이다. 펑키한 일렉기타 리듬과 Synth Pad를 기반으로 한 디스코풍의 곡이다. 감각적인 비트에 비범의 섹시한 매력이 오롯이 담겼다.\nLyrics by B-BOMB / Composed by B-BOMB, 김진호, 박현규 / Arranged by 김진호, 정동환, 최선용\n\n\n[CREDITS]\n\n1. My Zone\nLyrics by ZICO, Penomeco\nComposed by ZICO, Dirty Orange, Mitsu.J \nArranged by ZICO, Dirty Orange, Mitsu.J \nChorus by ZICO, 계범주\nGuitar & Bass by Mitsu.J\nVocals Recorded by 정은경 @In Grid Studio\nGuitar & Bass Recorded by Gregory Germain (Digz, Inc.) @DCH Studio\nMixed by Stay Tuned @Hannam bling\nMastered by 권남우 @821 Sound Mastering \n\n2. Shall We Dance\nLyrics by ZICO, 박경\nComposed by ZICO, Poptime\nArranged by ZICO, Poptime\nChorus by ZICO, 계범주\nKeyboard by ZICO, Poptime\nRecorded by 정은경 @In Grid Studio\nMixed by Stay Tuned @Hannam bling\nMastered by 권남우 @821 Sound Mastering\n\n3. 일방적이야\nLyrics by 박경, ZICO\nComposed by 박경, 13\nArranged by 13\nChorus by ESBEE\nGuitar by 적재\nPiano by SCORE\nKeyboard & Synthesizer by SCORE\nRecorded by 정은경 @In Grid Studio\nMixed by HRZ @HRZ\nMastered by 권남우 @821 Sound Mastering\n\n4. 이렇게 (Vocal Unit)\nLyrics by 박경\nComposed by 박경, 심재훈, 박중훈\nArranged by 박중훈\nChorus by 노영채\nBass by 김병석\nPiano by 박중훈\nKeyboard & Synthesizer by 박중훈\nString by 온더스트링\nString Arranged by 이나일\nRecorded by 정은경 @In Grid Studio\nMixed by HRZ @HRZ\nMastered by 권남우 @821 Sound Mastering\n \n5. Give & Take (B-BOMB Solo)\nLyrics by B-BOMB\nComposed by B-BOMB, 김진호, 박현규\nArranged by 김진호, 정동환, 최선용\nChorus by B-BOMB, 박현규\nDrum by 김진호\nBass by 김진호\nGuitar by 김진호\nKeyboard by 김진호\nSynthesizer by 정동환\nRecorded by 배소윤 @821 Sound Mastering\nMixed by Stay Tuned @Hannam bling\nMastered by 권남우 @821 Sound Mastering\n\n\nCJ E&M Music은 아시아 No.1 엔터테인먼트 기업인 CJ E&M의 음악사업 브랜드로 음원/음반의 투자/제작/유통부터 콘서트/페스티벌 개최까지 포함하고 있습니다. CJ E&M MUSIC과 함께 하는 K-POP 아티스트들의 신곡과 뮤직비디오, 미공개 독점 영상 등을 이곳 YOUTUBE 채널에서 가장 먼저 만나보세요.\n\nCJ E&M Music is a music business brand of CJ E&M, Asia's No.1 entertainment company. CJ E&M Music covers investment, production and distribution of album and also provides the best music festival and concerts. Meet the K-POP artists' brand new music videos and exclusive video clips on the official YouTube of CJ E&M Music."
TQ2uDO5CbYg,17.14.11,Red Velvet 레드벨벳 'Peek-A-Boo' Teaser Part.1,SMTOWN,Music,2017-11-07T15:00:01.000Z,"Red Velvet|""레드벨벳""|""아이린""|""조이""|""슬기""|""웬디""|""예리""|""IRENE""|""JOY""|""SEULGI""|""WENDY""|""YERI""|""Peek-A-Boo""|""피카부""",1962197,137132,2196,11809,https://i.ytimg.com/vi/TQ2uDO5CbYg/default.jpg,FALSE,FALSE,FALSE,"Red Velvet's 2nd full length album Perfect Velvet will be released on Nov. 17th, 6PM(KST). \n#RedVelvet #레드벨벳 #The2ndAlbum #PerfectVelvet #TitleTrack #피카부 #PeekABoo #Release #171117 #6PM\n\nRed Velvet Official\nhttp://redvelvet.smtown.com\nhttp://www.youtube.com/redvelvet \nhttp://www.facebook.com/RedVelvet\nhttp://www.instagram.com/redvelvet.smtown\nhttp://twitter.com/Rvsmtown\n\nRed Velvet 레드벨벳 'Peek-A-Boo' Teaser Part.1 ℗ S.M.Entertainment"
4j-ED6tL85o,17.14.11,Chromeo - Juice (Official Video),Chromeo,Music,2017-11-07T18:57:13.000Z,"chromeo|""chromeo juice""|""juice""|""head over heels""|""chromeo head over heels""|""chromeo new single""|""chromeo new song""|""chromeo new album""|""chromeo the juice""|""you got the juice""|""you've got the juice""|""chromeo juice official video""|""chromeo music video""|""juice music video""|""pressin ya""|""chromeo new music""|""chromeo you got the juice""|""chromeo you've got the juice""|""chromeo juice video""|""chromeo juice official""|""chromeo single""|""chromeo 2017 single""|""chromeo juice song""|""funklordz""",169462,6065,116,579,https://i.ytimg.com/vi/4j-ED6tL85o/default.jpg,FALSE,FALSE,FALSE,Chromeo – Juice – Available Now!\nListen Here: https://Chromeo.lnk.to/JuiceID   \n \nDirected by David Wilson www.instagram.com/hidavidwilson\nProduction Company: The Directors Bureau\n \nFollow Chromeo\nhttps://facebook.com/chromeo\nhttps://instagram.com/chromeo\nhttps://twitter.com/Chromeo\nhttps://soundcloud.com/chromeo\nFunklordz Radio: https://Chromeo.lnk.to/FunklordzRadioAY
r1afdZk0qcI,17.14.11,[MV] 몬스타엑스(MONSTA X) - DRAMARAMA,starshipTV,Music,2017-11-07T09:00:05.000Z,"kpop|""starship""|""loen""|""뮤비""|""스타쉽""|""티져""|""teaser""|""신곡""|""new""|""song""|""한류""|""hallyu""|""아이돌""|""idol""|""몬스타엑스""|""MONSTA X""|""컴백""|""comeback""|""더코드""|""the code""|""protocol terminal""|""monsta x mv""|""DRAMARAMA""|""MONSTA X BEAUTIFUL""|""MONSTA X HERO""|""MONSTA X FIGHTER""|""MONSTA X MINHYUK""|""MONSTA X SHOWNU""|""MONSTA X KIHYUN""|""MONSTA X WONHO""|""MONSTA X IM""|""MONSTA X JOOHEON""|""몬엑""|""몬스타엑스 셔누""|""몬스타엑스 주헌""|""몬스타엑스 민혁""|""몬스타엑스 원호""|""몬스타엑스 형원""|""몬스타엑스 기현""|""몬스타엑스 아이엠""|""MONSTA X TRESSPASS""|""무단침입""|""몬스타엑스 걸어""|""MONSTA X HYUNGWON""|""드라마라마""|""몬스타엑스 드라마라마""",3952653,340983,1768,31872,https://i.ytimg.com/vi/r1afdZk0qcI/default.jpg,FALSE,FALSE,FALSE,iTunes Download ▶ https://itunes.apple.com/album/the-code/1308906863?l=ko&ls=1&app=itunes\n\n▶More information\n\nMONSTA X Official Fan cafe : http://cafe.daum.net/monsta-x\nMONSTA X Official Twitter : http://www.twitter.com/OfficialMonstaX\nMONSTA X Official Facebook : http://www.facebook.com/OfficialMonstaX\nMONSTA X Official Weibo : http://www.weibo.com/monstax
n1rblnOWhmM,17.14.11,20 Questions,Carrie Hope Fletcher,Entertainment,2017-11-07T18:43:32.000Z,"carrie hope fletcher|""Q&A""|""20 questions""|""honest answers""|""merch""|""the hopeful shop""|""tea""|""posters""|""postcards""|""livestream""|""addams family""|""actors""|""actress""|""working""|""touring""|""backstage""|""behind the scenes""|""self improvement""|""learning""|""vlogging""|""chat""|""relationship""|""oliver ormson""|""scott paige""|""happiness""|""love""|""friendship""",131756,9318,85,667,https://i.ytimg.com/vi/n1rblnOWhmM/default.jpg,FALSE,FALSE,FALSE,♥  The Hopeful Shop ♥ \nhttp://www.thehopefulshop.com\n\n♥ Emma Thompson video ♥\nhttps://www.youtube.com/watch?v=7MgM3jL6XUE\n\n♥ PO Box ♥ \nCarrie Hope Fletcher C/O Helen Clarkson\nHaymarket House\n28-29 Haymarket\nLondon SW1Y 4SP\n\n♥ MY SOCIAL MEDIA ♥\nTwitter: http://twitter.com/Carriehfletcher\nSnapchat: ItsWayPastMyBed\nTumblr: http://www.carriehopefletcher.com\nFacebook: http://www.facebook.com/itswaypastmyb...\nInstagram: http://instagram.com/carriehopefletcher\nBlog: http://www.AllIKnowNow.com\n\n♥ OTHER CHANNELS ♥\nSecond channel: http://www.youtube.com/twentythirtytwo
3iXwXYflCSI,17.14.11,If only every weekend could be like this | EmilyHart,Emily Hart,Comedy,2017-11-09T09:15:40.000Z,"emilyhart|""emily hartridge""|""vlog""|""family""|""sisters""|""10 reasons why""|""comedy""|""babies""|""funny""|""love""|""happiness""|""british""|""presenter""",10676,812,15,193,https://i.ytimg.com/vi/3iXwXYflCSI/default.jpg,FALSE,FALSE,FALSE,"I had SUCH a lovely weekend and I wish EVERY weekend could be like this......I hope you all enjoyed watching it :) I ABSOLUTELY LOVE making vlogs so much, they make me so happy to make and they create such lovely memories for myself and for everyone else in my life!\n\nI know alot of you like me talking about boobs and other genital parts BUT I have grown up so my channel naturally grows up with me. That is NOT to say I won't still make 'adult content' videos because I still do enjoy that, just not every week ;)\n\nTo follow me (NOT in real life):\n\nPatreon: https://www.patreon.com/emilyhartridge\nInstagram: https://www.instagram.com/emilyhartridge/\nWebsite: http://www.emilyhartridge.com/\nTwitter: https://twitter.com/emilyhartridge\nFacebook: https://www.facebook.com/10ReasonsWhy\n\nAll music is from Epidemic Sound: http://bit.ly/2beTOhU\n\nIf you need Royalty free music for your videos I canNOT recommend Epidemic Sound more highly!!! \n\nI hope you all have a great week :) Thanks for your continual support\n\nEm xxx"
6jV798JxoTY,17.14.11,"CURRENT FEELINGS & FAVOURITES - Doubts, Marriage, Future & Favourites",Helen Anderson,People & Blogs,2017-11-07T21:00:00.000Z,"helen anderson Silver hair Tattoos|""Helen Anderson""|""october favourites""",63432,3746,76,505,https://i.ytimg.com/vi/6jV798JxoTY/default.jpg,FALSE,FALSE,FALSE,"An update on how I've been feeling, what I've been doing and my favourite things!\nH&M Home Haul: https://www.youtube.com/watch?v=vGyhGWNttsw&t=44s\nWatch My Daily Vlogs : http://bit.ly/1Ku8Mkp\n\nStuff I liked:\nLippy 'Lovecraft' : http://bit.ly/2zjgRrn\nEye Shadow Palette: http://bit.ly/2zkrSsf\nJumper: http://bit.ly/2zlks8f\nBoots: http://bit.ly/2zlcwUq\nConverse: http://bit.ly/2zndhfU\nCandle: https://www.tomdixon.net/shop/accessories/candles-fragrance.html?___store=uk&gclid=CjwKCAiA0IXQBRA2EiwAMODil-gu0-nzAYhrWuYC2OjDligA-Oea08ae7WMOBjGzq2N6MScZj9nrzBoC9fQQAvD_BwE\nBag: http://mattandnat.com/shop/handbags/crossbody/wapi-rose\n\nYou Can Also Find Me:\nSnapChat: 'HelenAnderz'\n\nTwitter: https://twitter.com/helenanderz\n\nInstagram: @helenanderz\n\nBlog : http://www.helenanderz.com/\n\nFacebook: https://www.facebook.com/helenmelonanderson\n\nMy PO Box is: \nHelen Anderson\nRed Hare \nSomerset House \nStrand\nWC2R 1LA\n\nBuisness Email: Helenandersonenquiries@gmail.com\n\nSometimes I use affiliate links, which mean I get a small commission when you purchase something through that link. It just helps me out a lot and means I can continue to do this full time."
qYmPNNvfawM,17.14.11,Worlds First Live Nuke in COD WW2 - V2 Rocket - Hidden Streak,PWNSTARZdotCOM,Gaming,2017-11-07T04:14:30.000Z,"twitch|""games""",226202,2734,360,503,https://i.ytimg.com/vi/qYmPNNvfawM/default.jpg,FALSE,FALSE,FALSE,Broadcasted live on Twitch -- Watch live at https://www.twitch.tv/pwnstarzdotcom
ozkqm2ifMw8,17.14.11,2CELLOS - Cinema Paradiso [OFFICIAL VIDEO],2CELLOS,Music,2017-11-10T13:24:10.000Z,"2CELLOS|""Luka Sulic""|""Stjepan Hauser""|""cello""|""cellist""|""cellists""|""cover""|""Glee""|""The Piano Guys""|""crossover""|""2 Cellos""|""two cellos""|""Hauser""|""Ennio Morricone""|""Cinema Paradiso""|""movie""|""film""|""soundtrack""|""classical""|""music""|""passion""|""Oliver Dragojevic""|""LSO""|""London Symphony Orchestra""|""new album""|""score""",205869,11198,120,446,https://i.ytimg.com/vi/ozkqm2ifMw8/default.jpg,FALSE,FALSE,FALSE,Get “Cinema Paradiso” from our album “Score” at https://2CELLOS.lnk.to/2cellos-ScoreAY \nAnd listen to or buy all of our music from https://2CELLOS.lnk.to/TheCatalogAY\n\nGet SCORE on deluxe CD+DVD or limited-edition Vinyl - http://store.2cellos.com\n\n2CELLOS Luka Sulic and Hauser playing Cinema Paradiso by Ennio Morricone with London Symphony Orchestra.\n\nVideo by Darko Drinovac\n\nhttp://www.facebook.com/2Cellos\nhttp://www.instagram.com/2cellosofficial
l9nGCJlDclQ,17.14.11,After Show: Did Kate Hudson Date Brad Pitt? | WWHL,Watch What Happens Live with Andy Cohen,Entertainment,2017-11-08T17:00:01.000Z,"What What Happens live|""reality""|""interview""|""fun""|""celebrity""|""Andy Cohen""|""talk""|""show""|""program""|""Bravo""|""Watch What Happens Live""|""WWHL""|""bravo andy""|""Watch""|""What""|""Happens""|""After Show""|""During the After Show""|""Andy Cohen asks actress""|""Kate Hudson""|""Kate Hudson wwhl""|""Kate Hudson and Brad Pitt""|""Brad Pitt dating Kate Hudson""|""wwhl after show""|""watch what happens live after show""|""Kate Hudson watch what happens live""|""Colin Hanks""|""Pretty Fun Kate Hudson""|""Almost famous""|""kate hudson almost famous""",53253,184,187,83,https://i.ytimg.com/vi/l9nGCJlDclQ/default.jpg,FALSE,FALSE,FALSE,"During the After Show, Andy Cohen asks actress Kate Hudson if the rumor is true that she once dated Brad Pitt and Kate gives a definitive answer.\n►► Subscribe To WWHL: http://bravo.ly/WWHLSub\n\nWatch WWHL Sun-Thu 11/10c:\nWWHL Website: http://www.bravotv.com/watch-what-happens-live\nFollow WWHL: https://twitter.com/BravoWWHL\nLike WWHL: https://www.facebook.com/WatchWhatHappensLive\nWWHL Tumblr: http://bravowwhl.tumblr.com/\n\n'Watch What Happens: Live' is Bravo's late-night, interactive talk show that features guests from the world of entertainment, politics, and pop culture. Hosted by Andy Cohen, the series includes lively debates on everything from fashion, the latest on everyone's favorite Bravolebrities, and what celebrity is making headlines that week. Past guests who have joined Cohen in the Bravo Clubhouse include Sarah Jessica Parker, Tina Fey, Khloe Kardashian, Jennifer Lopez, Liam Neeson, Kelly Ripa, Jimmy Fallon, Anderson Cooper, Jennifer Lawrence, and Lance Bass.\n\nWatch More Bravo:\nBravo Website: http://www.bravotv.com/\nBravo Youtube: http://www.youtube.com/videobybravo\nFollow Bravo: http://www.twitter.com/bravotv\nLike Bravo: https://www.facebook.com/BRAVO\nPin Bravo: http://www.pinterest.com/bravobybravo\nBravo Instagram: http://www.instagram.com/bravotv\nBravo Tumblr: http://bravotv.tumblr.com/\n\nAfter Show: Did Kate Hudson Date Brad Pitt? | WWHL"
28_tNFnMrTk,17.14.11,Last Week I Got Burgled,DarkSquidge,People & Blogs,2017-11-06T16:03:17.000Z,"tomska|""vlog""|""last week""|""darksquidge""|""thomas ridgewell""|""halloween""|""trick or treat""|""baby""|""thomas the tank engine""|""fat controller""|""squidge""|""truth bombs""|""pug""|""money""|""shave""|""beard""|""scarfdemon""|""stranger things""",80499,5719,28,914,https://i.ytimg.com/vi/28_tNFnMrTk/default.jpg,FALSE,FALSE,FALSE,I don't want to be on Trending.\nLast Last Week (https://youtu.be/srYOQ0_j90o)\nGonna be releasing the backlog of sketches in its own video stop yelling at me!!! (http://Reddit.com/r/TomSka)\n\nMain Channel (http://youtube.com/tomska)\nTwitter (http://twitter.com/thetomska)\nFacebook (http://fb.com/thetomska)\nTumblr (http://thetomska.tumblr.com)\n\nEdited by Elliot Gough (http://youtube.com/elliotexplicit)\nMusic by Todd 'LilDeuceDeuce' Bryanton (http://youtube.com/lildeucedeuce)
SMBXARpIqME,17.14.11,Lord Ashcroft hides in toilets to avoid questions on tax,Guardian News,News & Politics,2017-11-06T07:14:58.000Z,"Paradise Papers|""Lord Ashcroft""|""Conservatives""|""politics""|""investigation""|""BBC panorama""|""UK politics""|""Tories""|""guardian paradise paper""|""paradise papers ashcroft""|""what are the paradise papers""|""panorama ashcroft""|""panorama ashcroft runs away""|""ashcroft ignores reporter""|""panorama lord ashcroft pic""|""ashcroft toilets""|""lord ashcroft paradise papers""|""paradise papers lord ashcroft""|""panorama""|""the paradise papers""|""tax evasion""|""tax avoidance""|""tax""|""taxes""|""taxation""",229753,2925,208,803,https://i.ytimg.com/vi/SMBXARpIqME/default.jpg,FALSE,FALSE,FALSE,Conservative donor Lord Ashcroft avoids questions from persistent BBC Panorama reporter Richard Bilton about his offshore financial affairs as leaked in the Paradise Papers. Ashcroft refused to answer Bilton’s questions during a chase across the Conservative party conference floor that ended at the doors to the exhibition centre’s toilets\n\nSubscribe to Guardian News ► http://bit.ly/guardianwiressub\n\nLord Ashcroft used offshore trust to shelter wealth while Tory peer ► https://www.theguardian.com/news/2017/nov/05/lord-ashcroft-offshore-trust-wealth-tory-peer-paradise-papers\n\nSupport the Guardian ► https://theguardian.com/supportus\n\nThe Guardian YouTube network:\n\nThe Guardian ► www.youtube.com/theguardian\nOwen Jones talks ► http://bit.ly/subsowenjones\nGuardian Football ► http://is.gd/guardianfootball\nGuardian Science and Tech ► http://is.gd/guardiantech\nGuardian Sport ► http://bit.ly/GDNsport\nGuardian Culture ► http://is.gd/guardianculture
rwYd2kIZxk4,17.14.11,HERO Johnnie Langendorff Fires Back at Sutherland Springs Shooter!,College News Network,News & Politics,2017-11-06T00:00:39.000Z,"Johnnie Langendorff|""Sutherland Springs""|""San Antonio Texas""|""san antonio church""|""sutherland springs church""|""sutherland springs shooting""|""church shooting""|""sutherland springs hero""|""san antonio hero""",1160827,4979,397,3104,https://i.ytimg.com/vi/rwYd2kIZxk4/default.jpg,FALSE,FALSE,FALSE,"Hero Johnnie Langendorf passed the Sutherland Springs Church Shooting shot at the shooter with his rifle, and then when the shooter started running away Johnnie Langendorff chased!\nMy Rights Don't End Where Your Feelings Begin! 2nd Ammendment Shirt http://amzn.to/2y6gKeE\nAmerican Flag + 2nd Ammendment T-Shirt! -http://amzn.to/2AlLnP4\n2nd Ammendment Ball Cap! - http://amzn.to/2zBrRRe\n\nThis is the perfect example of why our 2nd Ammendment Rights \nare vital and need to be protected!!"
0Yp9WS6cJFA,17.14.11,This Week I Learned Downhill Mountain Biking,Mike Boyd,Entertainment,2017-11-06T14:43:29.000Z,"mike boyd|""downhill""|""biking""|""mountain biking""|""mtb""|""enduro""|""bike""|""ben cathro""|""this week""|""i learned""|""race""",356364,14775,194,1604,https://i.ytimg.com/vi/0Yp9WS6cJFA/default.jpg,FALSE,FALSE,FALSE,"The first 500 people to use this link will get 2 free months of Skillshare Premium: https://skl.sh/mikeboyd2\n\nCheck out Ben Cathro's behind the scenes video, or book a coaching session with him: https://www.youtube.com/watch?v=NLCfRHdi6Ig\nhttp://sickskills.co.uk/\n\nIn this episode of TWIL I learned to ride a downhill bike faster. I set my milestone at taking 10 seconds of my time.\n\nSubscribe for more Learn Quick Videos: http://bit.ly/2bR4nIH\n\nThe bike shop and track we visited, Comrie Croft:\nhttp://www.comriecroftbikes.co.uk/\n\nBio:\nMy name is Mike Boyd and I make videos documenting my process of learning stuff as quickly as I can. Subscribe for more upcoming videos and feel free to tell me what you'd like me to learn next in the comments or on Twitter (@mikeboydvideo).\n\nTwitter: https://twitter.com/mikeboydvideo\nInstagram: @mikeboydvideo\n\nBusiness enquiries:\nmikeboydvideo@gmail.com\n\n_____________________\n\nIf you enjoy this content and felt I've earned it, please consider pledging a little via Patreon to support the channel:\nhttps://www.patreon.com/mikeboyd\n\nA huge thanks to those who already support me on Patreon:\n\nRegan Xu\nLuke Lowrey\nHughTube \nChase Arviso\nCraig Jones\nChris Morrison\nRyan Daume\nEloise \nDamien Potts\nJohn Lewis\nAndre Pascal Seepel\nKeith Saffold\nTatenda Chiriseri\nAnton Lobashev\nJonathan Biggs\nPhilip Leichtfried\nSimon Andersson\nMitchell Denison\nStephen Porter\nMatthew Bafford\nDavi \nJosiah Gaskin\nEdward Platero\nJim Scott\nJamie merrill\nSam Reeder\nTim Vermeulen\nShane Gibson\nbryan pelzer\nHeavyJeffD \nMike Todasco\nAdam Mencarini\nGlenn Kaehne\nDaniel Samuels\nQplayer \nVic Jang\nMichael Cascio\nSean Gravener\nJoe Munro\nSean Baeyens\nTim Suellentrop\nVincent Barbate\nEsben Martinsen\nDan Abel\nFlorentin Le Moal\nMegan Hartley\nMichael Buchberger\nNilesy \nPatrick G Marini\nEllen Morgan\nBrian McEntire\nScott Cartier\nKyle Hefley\nJonah Reid\nMike DeLo\nMike Ledermueller\nAstroillogica \nMagnus Warvik\nAndy McBlane\nRylan Taylor\nBen Reitz\nDennis Swearer\nSam Morrison\nStephen Parsons\nJesse Wagner\nLuke Held\nRedKB \nJulian Panula\nNerdSync Productions\nScott McCracken\nIvan Espinoza\nRob Hughes\nGreg Malkin\nLeander Leirissa\nAchim Schumacher\nRyan English\nRoss Paton\nMarko Klopets\nLaura Selenke\nSneaky Beaky\nSam van den Wijngaard\nTed Stevko\nThomas Soria\nAlex Boguszewski\nNormal Universe\nJonathan Lindo\nLuke Mildenhall-Ward\nLuke Wale\nAndrew Leader\nSean Bassi\nWilliam Townsend\nStefano Vaccari\nJosh Davis\nPhilip Hartmann\nJim Bowery\nJonathan Lister\nZach Dunlap\nJeff Bloke\nAndy"
bRlXatOvsZU,17.14.11,Yxng Bane - Rihanna (Live) - dscvr ARTISTS TO WATCH 2018,Vevo dscvr,Music,2017-11-06T14:00:04.000Z,"yxng bane|""yxng bane rihanna""|""yxng bane rihanna live""|""yxng bane artist to watch""|""yxng bane dscvr""|""yxng bane shape of you""|""yxng bane shape of you lyrics""|""yxng bane snapchat""|""yxng bane concert""|""yxng bane mixtape""|""yxng bane nottingham""|""afro-swing""|""rap""|""grime""|""dscvr""|""dscvr artist to watch 2018""|""ones to watch 2018""|""sound poll""|""vevo""|""vevo dscvr""",85851,2266,367,73,https://i.ytimg.com/vi/bRlXatOvsZU/default.jpg,FALSE,FALSE,FALSE,"Yxng Bane - Rihanna an exclusive live performance for dscvr ARTISTS TO WATCH 2018, presented by Abercrombie & Fitch.\n\nLearn more about this radio-ready star who's fusing rap & Afro-Swing at https://www.vevo.com/dscvr \n\nDiscover more ARTISTS TO WATCH at: https://www.vevo.com/dscvr \n\nWatch more of Yxng Bane: https://www.youtube.com/watch?v=1ruitsqQ34c&list=PLfpWqf0Dq32-yT3qbW_S1Xv_X2rJ71oj_ \n\nGet the Vevo App! http://smarturl.it/vevoapps \nSubscribe to Vevo dscvr: http://www.youtube.com/subscription_center?add_user=VEVODSCVR \nFind us on Facebook: https://www.facebook.com/VEVOUK \nFollow us on Twitter: https://www.twitter.com/VEVO_DSCVR \nAdd us on Snapchat: https://www.snapchat.com/add/vevo_uk \nFollow us on Instagram: https://www.instagram.com/vevo_uk/\n\nhttp://vevo.ly/bwcchK"
X9VlCV1ZflQ,17.14.11,[MV] SONAMOO(소나무) _ I (knew it),1theK (원더케이),Music,2017-11-06T09:00:01.000Z,"Kpop|""1theK""|""원더케이""|""loen""|""로엔""|""뮤비""|""티져""|""MV""|""Teaser""|""신곡""|""new""|""song""|""한류""|""hallyu""|""ロエン""|""ミュージック""|""ミュージックビデオ""|""ケーポップ""|""韓国の歌""|""アイドル""|""韓流""|""韓国""|""아이돌""|""idol""|""SONAMOO""|""소나무""|""knew it""|""하이디""|""수민""|""의진""|""디애나""|""민재""|""뉴썬""|""High.D""|""SuMin""|""Min Jae""|""D.ana""|""Na Hyun""|""Eui Jin""|""New Sun""|""옆집소녀""|""Deep blue eyes""|""TS""|""티에스""|""B.A.P""|""TRCNG""",593668,21969,294,2062,https://i.ytimg.com/vi/X9VlCV1ZflQ/default.jpg,FALSE,FALSE,FALSE,"[MV] SONAMOO(소나무) _ I (knew it)\n\n*English subtitles are now available.   \n(Please click on 'CC' button or activate 'Interactive Transcript' function)  \n\n[Notice] 1theK YouTube is also an official channel for the MV, and music shows will count the views from this channel too.\n[공지] 1theK YouTube는 MV를 유통하는 공식 채널로, 1theK에 업로드된 MV 조회수 또한 음악방송 순위에 반영됩니다.\n\n \n[ SONAMOO]\n\nThe second ‘HAPPY BOX’ of SONAMOO is OPEN! \nSONAMOO, who showed their funky and sophisticated appeal with the retro pop dance song ‘Friday Night’ in their first HAPPY BOX, returns with 'HAPPY BOX PART.2' The second HAPPY BOX completed a story like a movie with the fusion style intro song ‘Prequel’ that combined the cool future base genre and cheerful tango melody and the title track ‘I (knew it)’ that has a dual meaning of ‘I’ and ‘baby’ who is crying inside of myself.  \n\n:: iTunes : https://itunes.apple.com/album/happy-box-pt-2-single/id1308184052?l=ko&ls=1&app=itunes\n\n#1theK#원더케이#Newrelease#소나무#SONAMOO#I#아이#Knewit\n\n\n▶1theK FB  : http://www.facebook.com/1theK\n▶1theK TW : https://twitter.com/1theK\n▶1theK Kakao : https://goo.gl/otRpZc\n\n[ 소나무 ]\n\n소나무의 두 번째 'HAPPY BOX' OPEN!\n첫 번째 해피박스에서 레트로 팝 댄스곡 '금요일밤'으로 펑키하고 세련된 매력을 보여줬던 소나무가 'HAPPY BOX PART.2'로 돌아왔다. 두 번째 해피박스는 세련된 퓨처베이스 장르와 경쾌한 탱고 선율을 접목한 퓨전 스타일의 인트로곡 'Prequel'과 나를 뜻하는 'I'와 내 안에 울고 있는 '아이'라는 중의적인 의미를 담고 있는 타이틀곡 'I (knew it)'를 수록하여 한 편의 영화 같은 스토리텔링을 완성했다."
I1uCGgc-Jag,17.14.11,Justice League Press Conference,Superhero News,Entertainment,2017-11-08T20:00:03.000Z,"Superhero News|""Superhero News Show""|""Justice League""|""JL""|""JL press conference""|""Justice League press conference""|""Justice League press junket""|""DC Films""|""DCEU""|""DC movie news""|""Wonder Woman""|""Gal Gadot""|""Batman""|""Ben Affleck""|""Aquaman""|""Jason Momoa""|""The Flash""|""Flash""|""Ezra Miller""|""Cyborg""|""Ray Fisher""|""Tiffany Smith""|""Charles Roven""|""Deborah Snyder""|""Zack Snyder""|""Joss Whedon""|""JL news""|""Justice League news""|""DC Extended Universe""|""DC Cinematic Universe""",12512,460,7,97,https://i.ytimg.com/vi/I1uCGgc-Jag/default.jpg,FALSE,FALSE,FALSE,"Watch the full press conference for Justice League! Stars Gal Gadot, Ben Affleck, Jason Momoa, Ezra Miller, Ray Fisher, and producers Charles Roven and Deborah Snyder talk about the latest from DC Films!\n\nWebsite: http://superheronews.com\nMerchandise: http://superheronews.com/store\n\nSOCIAL MEDIA\nFacebook: https://facebook.com/SuperheroNewsCom\nTwitter: https://twitter.com/SuperheroNewsCB\nInstagram: https://instagram.com/SuperheroNewsCom\nGoogle+: https://google.com/+SuperheroNews"
8HON4AswPVk,17.14.11,Arvo Pärt - Tabula Rasa,JSaxofone,Music,2012-09-13T12:35:46.000Z,"Arvo|""Pärt""|""Tabula""|""Rasa""|""part""|""violin""|""concerto""|""violino""|""Arvo Pärt (Musical Artist)""|""sinduonitria""|""música""|""clássica""|""classica""|""musica""|""classical""|""music""|""minimalism""|""minimalismo""",728177,4007,71,240,https://i.ytimg.com/vi/8HON4AswPVk/default.jpg,FALSE,FALSE,FALSE,
4GFAZBKZVJY,17.14.11,Post Malone - rockstar ft. 21 Savage (Official Audio),Republic Records,Music,2017-11-03T12:07:57.000Z,"Post Malone|""Post Malone rockstar""|""rockstar""|""21 Savage""|""Stoney""|""Beerbongs & Bentleys""|""Beerbongs""|""Bentleys""|""Austin post""|""rockstar post malone""|""post malone rockstar ft 21 savage""|""post malone - rockstar""|""21 savage post malone""|""post malone 21 savage""|""post malone ft 21 savage""|""Beerbongs and Bentleys""",24412837,248684,8972,0,https://i.ytimg.com/vi/4GFAZBKZVJY/default.jpg,TRUE,FALSE,FALSE,The #1 hit-single by Post Malone. rockstar featuring 21 Savage. Listen everywhere: https://PostMalone.lnk.to/rsYD\n\nFollow Post Malone:\nhttp://www.postmalone.com\nhttps://twitter.com/postmalone\nhttps://instagram.com/postmalone\nhttps://facebook.com/postmalone\nhttps://youtube.com/PostMaloneVEVO
au3S8F08v54,17.14.11,New album Open Here out 2nd February,Field Music,Music,2017-11-07T10:04:31.000Z,"newmusic|""indie""|""bbc6music""|""alternative""|""Field Music""|""Open Here""",2152,45,0,9,https://i.ytimg.com/vi/au3S8F08v54/default.jpg,FALSE,FALSE,FALSE,"Preorder 'Open Here' on transparent 180g LP,  CD and cassette : http://smarturl.it/openhere\nIncluding limited edition bundles with signed test pressings, tea towels and five postcard sets.\n\nThe two years since Commontime have been strange and turbulent. If you thought the world made some kind of sense, you may have questioned yourself a few times in the past two years. And that questioning, that erosion of faith - in people, in institutions, in shared experience - runs through every song on the new Field Music album.\n\nThe brother’s studio, on the banks of the river Wear, became a sanctuary away from everything political and personal, a cocoon of creativity. And conversely, making the album became an alternative way to connect to people, with a wide array of musicians invited to leave their mark, notably Sarah Hayes on flute and piccolo, Liz Corney on vocals, Pete Fraser on saxophone, Simon Dennis on trumpet and flugelhorn, a Cornshed Sisters choir and the regular string quartet of Ed Cross, Jo Montgomery, Chrissie Slater and Ele Leckie. The result is a record that is bigger in scale, grander than anything they've done before. \nDavid Brewis explains, “where Commontime felt like a distillation of all of the elements that make up Field Music, this feels like an expansion; as if we’re pushing in every direction at once to see how far we can go”.\nField Music have also announced a string of UK shows in 2018.  The dates include special shows at the Barbican in London and The Northern Stage in Newcastle with strings, horns, woodwind and assorted percussion provided by the Open Here Orchestra.\n \nField Music 2018 live dates\n\nTickets: http://smarturl.it/fieldmusic2018tour\n\n02 Feb, Newcastle, Northern Stage \n03 Feb, Newcastle, Northern Stage  Matinee Show \n03 Feb, Newcastle, Northern Stage Evening Show\n08 Mar Brighton, Komedia \n09 Mar, Bristol, The Lantern\n10 Mar, Southampton, Engine Rooms \n11 Mar, Exeter, Phoenix\n15 Mar, Birmingham, O2 Institute 2\n16 Mar, Manchester, Gorilla\n17 Mar, Glasgow, Saint Luke's\n22 Mar, Liverpool, Arts Club\n23 Mar, Sheffield, Foundry\n24 Mar, Norwich, The Waterfront\n25 May, London, Barbican with the Open Here Orchestra"
hIwRdDcQBEU,17.14.11,My Coat Collection | Amelia Liana,Amelia Liana,Howto & Style,2017-11-06T16:33:36.000Z,"amelialiana|""amelia liana""|""my coat collection""|""coat and jackets""|""try on""|""haul""|""review""|""style""|""wardrobe tour""|""capsule wardrobe""",51301,1654,87,166,https://i.ytimg.com/vi/hIwRdDcQBEU/default.jpg,FALSE,FALSE,FALSE,"My coat & jacket collection 2017 & try on with style reviews from my wardrobe!\n\n↓↓↓ SUBSCRIBE HERE for new videos every Monday & Thursday! http://bit.ly/1pm8SkR\n____________________________________________________________________\n\n\nMY COAT COLLECTION:\n\nReversible Gillet (XS):\nhttp://bit.ly/2zg3sjD\n(dupe) http://bit.ly/2zm23HU\n\nBlack Leather Jacket (size 36):\n(similar) http://bit.ly/2y7tIc6\n(dupe) http://bit.ly/2zhcQnh\n\nWhite Coat with Grey Stripes (XS):\nhttp://bit.ly/2y8ZsxK\n\nPink Coat (XS):\nhttp://bit.ly/2lWeFRb\n(similar) http://bit.ly/2zjiCCk\n \nMaroon Coat with Faux Fur Sleeve Cuffs (size 0):\nhttp://bit.ly/2zjWvMh\n\nGrey Coat Without Buttons (XS):\nhttp://bit.ly/2Adb0kd\n(in ivory) http://bit.ly/2h9P95N\n\nCamel Coat (S): \nhttp://bit.ly/2w8yYvd \n(amazing dupe): http://bit.ly/2zH892E\n\nGrey Coat with Detailed Collar (XS): \nhttp://bit.ly/2hKTCfJ\n\nCamel Cape:\nhttp://bit.ly/2zst6PC\n\nRed Teddy Coat\nhttp://bit.ly/2lTuuIh\n(in cream) http://bit.ly/2hgXkAF\n\nPink Shearling Coat: \nhttp://bit.ly/2znrOaL\n\nRust Buttoned Down Coat:\nhttp://bit.ly/2zA1QBQ\n\nOlive Quilted Jacket: \nhttp://bit.ly/2j4GLbN\n\nRed Puffy Jacket:\nhttp://bit.ly/2xgAlvI\n\nPurple Puffy Jacket:\n(similar) http://bit.ly/2gEAgbc\n\n\nJeans I’m Wearing: http://bit.ly/2m0TJsn\nBoots I’m Wearing (similar): http://bit.ly/2h810B1\n\n\nMAKEUP I’M WEARING:\nL'Oreal Paris True Match Foundation, Lancome Teint Idole Ultra Camouflage Full Coverage Concealer, Creme De La Mer Bronzing Powder, Urban Decay Afterglow Powder Blush, It Cosmetics Superhero Mascara, YSL Tatouage Couture Matte Stain in 8\n\n\nJEWELLERY I WEAR:\n\nStacking Rings: http://bit.ly/2x7GiHx\nEvil Eye Rings: http://bit.ly/2tRiPu0\nStar ring: http://bit.ly/2t0ndWO\nTrinity Ring: http://bit.ly/2x7IBuc\nRed String Bracelet: http://bit.ly/2qUqLf8\nBangle: http://bit.ly/2vLLUrE\nLong Necklace: http://bit.ly/2qvBlsb\nChoker: http://bit.ly/2fP0OJy\n____________________________________________________________________\n\n\nEQUIPMENT:\n\nCanon Vlog Camera: http://bit.ly/2f6R1vq\nCanon Big Camera: http://bit.ly/2xcsoba (with this lens): http://bit.ly/2eII9vj\n____________________________________________________________________\n\n\nWanna see more? Follow me on my social media... \nBlog (for weekly posts) → https://amelialiana.com/\nTwitter (great for youtube polls about videos & more!) → https://twitter.com/amelialiana_ \nINSTAGRAM (featuring lots of Instagram lives!) → http://instagram.com/amelialiana \nSNAPCHAT → amelia.liana \n____________________________________________________________________\n\n\nLATEST VIDEOS:\n\nHoly Grail Luxury Makeup Tutorial: https://youtu.be/DV7hhemzGmA\n\nNew Underwear Haul: https://youtu.be/7KFrSGqRUes"
Jj0uBQ7j5c4,17.14.11,Ex engineer leaks how marketing works in the bike industry,MTB MAG,People & Blogs,2017-11-06T13:22:14.000Z,mountain bike,133557,1035,62,60,https://i.ytimg.com/vi/Jj0uBQ7j5c4/default.jpg,FALSE,FALSE,FALSE,Who was complaining about marketing was right.\nCheck out our website https://www.mtb-mag.com
tSjvx_c4meE,17.14.11,I'M BACK! 31 DAYS OFFLINE | Lily Pebbles,Lily Pebbles,Howto & Style,2017-11-05T09:30:00.000Z,"lily|""lilypebbles""|""pebbles""|""style""|""shopping""|""london""|""food""|""vlog""|""vlogging""|""lingua franca""|""covent garden""|""chicknsours""|""petershem nurseries""|""rococo chocolate""|""arket""|""hair""|""glossier""|""dior""|""husband""",165847,6850,378,836,https://i.ytimg.com/vi/tSjvx_c4meE/default.jpg,FALSE,FALSE,FALSE,"I'm back! Finally, after a whole month offline, it feels good to be back. Here's a chatty catchup and a vlog from a day out in Covent Garden! \nClick 'SHOW MORE' below\n\nSubscribe here http://lpebbles.uk/rHpKla\nI'm currently uploading Wednesdays at 6.30pm and Sundays at 9.30am UK time. \n\n \nI Wore…\n+ *Lingua Franca Red Jumper http://bit.ly/2z9WInp\n+ *Urban Outfitters Blue Axyl Jeans http://bit.ly/2zaTvEc \n+ Abbott Lyon Watch http://lpebbles.uk/2ltbCZ  \n+ *Topshop Coat http://bit.ly/2haXtWz\n+ *Vans http://bit.ly/2h9uClq\n+ *Gucci Soho Disco Bag http://bit.ly/2zcWLz0\n\n\nI Went… \n+ Chick 'n' Sours http://lpebbles.uk/ggdJo8\n+ Jacob The Angel http://lpebbles.uk/goHjma\n+ Rococo Chocolates http://lpebbles.uk/ZENWe9\n+ Arket http://lpebbles.uk/MMFd2F\n+ Petersham Nurseries Shop http://lpebbles.uk/66j1kM\n\n\nI Mentioned… \n+ Hershesons http://lpebbles.uk/425p33\n+ *Glossier You http://bit.ly/2h9FpvU\n+ *Dior Diorific Lip & Cheek Matte Fluid http://bit.ly/2zabieT\n+ Diprobase Emollient Cream http://lpebbles.uk/43U3uI\n+ *Marks & Spencer Dressing Gown http://bit.ly/2zcnknI\n\n\n\nWatch my wedding video here http://lpebbles.uk/Z1hCsZ\n\n\nFIND ME:\nSubscribe - http://bit.ly/10dYuIf\nBlog - http://bit.ly/1kL8Qd6\nInstagram - http://instagram.com/lilypebbles\nTwitter - https://twitter.com/lilypebbles\nFacebook - https://www.facebook.com/lilypebbles\n\nMusic by Epidemic Sound (http://www.epidemicsound.com)\nThumbnail by Smukkeberg http://lpebbles.uk/iTdQuf\n\nDisclaimer: \nThis video is not an advertisement. \n*Affiliate links\nIf you purchase something using one of the marked links, I make a small percentage from that sale. This doesn't affect my opinions. Thanks for your support. \n--------------------------------------------------------------------------------­-----------------\nHow to contact me:\n\nlily@lilypebbles.co.uk\n\nLily Pebbles\nGleam Futures\n6th Floor\n60 Charlotte Street\nLondon W1T 2NU"
KgBWLAKxi-c,17.14.11,Half in the Bag Episode 134: Thor: Ragnarok,RedLetterMedia,Entertainment,2017-11-05T23:12:16.000Z,"redlettermedia|""red letter media""|""red""|""letter""|""media""|""plinkett""|""half in the bag""|""best of the worst""|""mike stoklasa""|""jay bauman""|""rich evans""|""Thor""|""Ragnarok review""|""Ragnarok""|""Marvel""",411609,14285,517,3577,https://i.ytimg.com/vi/KgBWLAKxi-c/default.jpg,FALSE,FALSE,FALSE,Mike and Jay get quizzed by Mr. Plinkett. They also talk about the new Thor film!
CCPX4EYrskw,17.14.11,It's a Family Affair! | MUMDAYS,Giovannasworld,Entertainment,2017-11-06T09:00:02.000Z,"Mum mother family dear carrie Dear Tom&Gi Giovanna Fletcher Tom Fletcher Carrie Fletcher Buzz Buddy|""Motherhood""|""parenting""|""baby""|""toddler""|""parents""|""kids""|""babies""|""Giovanna""|""Fletcher""|""McFly""|""Mumdays""",52250,1550,26,40,https://i.ytimg.com/vi/CCPX4EYrskw/default.jpg,FALSE,FALSE,FALSE,"Tickets to The Christmasaurus LIVE are available here: https://www.eventimapollo.com/events/detail/the-christmasaurus-live-on-stage#EDMCKWGcdVxFIQRG.97\n\nMy goal is to create a fun and positive place on the Internet for people to come and feel uplifted. I document my life as an author, presenter, blogger and columnist, but most importantly my roles as wife to Tom and mum to Buzz and Buddy.\n\nEach Friday at 9AM I upload a new video in a series called DEAR CARRIE, essentially video diaries to my sister in law who we never get to see. Tom adds his thoughts into the mix on Sundays with Carrie replying on Wednesdays. \n\nNew to Monday's is MUMDAYS - with new uploads going live every Monday morning at 9AM. https://www.youtube.com/watch?v=iFhdL...\n\nCOME FIND ME:\nSubscribe: https://goo.gl/ZTyXhD\nTwitter: @mrsgifletcher\nFacebook: www.facebook.com/mrsgifletcher\nPersonal blog: www.giovannasworld.com\nHELLO! Online blog: http://goo.gl/V4Ep85\nInstagram: @mrsgifletcher\n\nhttp://bit.ly/HappyMumAMZN \nhttp://bit.ly/HappyMumWats (Waterstones are holding a special 'win a playdate' competition for three lucky winners)\nhttp://bit.ly/HappyMumWHSsigned (WHSmiths have a 1000 signed copies)\nAll books on iBooks: http://goo.gl/e2IssZ\nAll books on Amazon: http://goo.gl/wemx4h\n\nGO FIND CARRIE:\nYouTube: www.youtube.com/carrie\nTwitter: @CarrieHFletcher\nInstagram: @carriehopefletcher\n\nGO FIND TOM:\nYouTube: www.youtube.com/tomplicated\nTwitter: @tomfletcher\nInstagram: @tomfletcher"
UWl2fVxb-Mc,17.14.11,UFC 217: Rose Namajunas Octagon Interview,UFC - Ultimate Fighting Championship,Sports,2017-11-05T03:48:55.000Z,"ufc|""mma""|""sports""|""ultimate""|""fighting""|""championship""|""rose""|""namajunas""|""joanna""|""jedrzejczyk""|""217""",1205578,12193,346,4337,https://i.ytimg.com/vi/UWl2fVxb-Mc/default.jpg,FALSE,FALSE,FALSE,"Watch Rose Namajunas speak from The Octagon following her thrilling first round KO over Joanna Jedrzejczyk at UFC 217 from Madison Square Garden.\n\nSubscribe to get all the latest UFC content: http://bit.ly/2uJRzRR \n\nTo order UFC Pay-Per-Views, visit http://www.ufc.tv/events \n\nConnect with UFC online and on Social:\nWebsite: http://www.ufc.com\nTwitter: http://www.twitter.com/ufc\nFacebook: http://www.facebook.com/ufc\nInstagram: http://www.instagram.com/ufc\nSnapchat: UFC\nPeriscope: http://Periscope.tv/ufc\n\nExperience UFC live with UFC FIGHT PASS, the digital subscription service of the UFC. To start your 7-day free trial, visit http://www.ufc.tv/packages\n\nConnect with UFC FIGHT PASS on Social:\nTwitter: http://www.twitter.com/ufcfightpass\nFacebook: http://www.facebook.com/ufcfightpass\nInstagram: http://www.instagram.com/ufcfightpass"
iNf6VErGDLI,17.14.11,Ozuna - Música Sin Fronteras (A YouTube Documentary),Ozuna,Music,2017-11-08T14:00:09.000Z,"Ozuna|""Reggaeton""|""Odisea""|""Odisea The Album""|""Música Sin Fronteras""|""Documentary""|""YouTube Documentary""|""Documental""|""Musica Sin Fronteras""",1498866,67227,1473,4645,https://i.ytimg.com/vi/iNf6VErGDLI/default.jpg,FALSE,FALSE,FALSE,"Producido por YouTube, el documental  “Ozuna - Música Sin Fronteras” muestra el ascenso meteórico del artista, desde los primeros talent shows en su escuela, hasta llenar las salas de conciertos más importantes del mundo, todo ello envuelto en el marco incomparable que ofrece Puerto Rico. \n\nProduced by YouTube, reggaeton sensation Ozuna’s documentary “Musica Sin Fronteras” traces Ozuna’s rise from local talent shows at his school to the biggest stages in the world, all while celebrating Puerto Rico’s vibrant musical culture.\n\nCREDITS\n\nSomesuch : \n\nDIRECTOR: DAN EMMERSON\nPRODUCTION COMPANY: SOMESUCH\nEXECUTIVE PRODUCER: SARAH PEARSON\nPRODUCER: JON MEALING\nPRODUCTION ASSISTANT: CHLOE SLATTERY\n\nDOP: TREVOR WINEMAN\n\nEDITOR: BEN CROOK\nEDIT ASSISTANT: REBECCA LODI\n\nCOLOURIST: TIM SMITH\n\nSOUND DESIGN & MIX: FRANKIE BEIRNE\n\nVFX: ROSS MCDOWELL\nVFX: MARIA CECILIA    \n\nPRODUCTION SERVICES PUERTO RICO : METROPOLIS FILMS\n\nEXEC. PRODUCER : ANDRES ROSENBLATT\nEXEC PRODUCER : ENRIQUE GRUBER\nPROD. MANAGER : MEILA BELMONT\nGAFFER : RAMON CUADRADO\nSOUND : FERNANDO YSERN\n1ST AC ; JULI SILVER\n2ND AC: JORGE GARRIDO\n2ND AC : ZORAIDA LUNA\nSTEADICAM : CARLOS MARRERO\nDIT ; HERNAN CORTES\nMAKEUP: MARIA ELENEA RAMIREZ\nPROD COORD: JAN SANTIAGO\nPA: GABRIEL CARRERO\nLOC MANAGER : JOSE HILERA \nTALENT COORD.: FANCHESKA COLON\nCAMERA & LIGHTS  : PJ GAFFERS\n\nYOUTUBE:\n\nEXECUTIVE PRODUCERS:\n\nANDER ECHEZARRETA \nERIC LEIBERMAN\nJAKE O'LEARY\nGRACE LEE \n\nTHE FADER:\n\nEXECUTIVE PRODUCERS:\n\nROBERT SEMMER\nROB STONE\nJON COHEN\nANDY COHN\nANTHONY HOLLAND\n\nPRODUCERS:\n\nADAM COHEN\nFRANCES CAPELL\nANDY MCGRATH \n\n\nSPECIAL THANKS: \n\nWALDO GONZALEZ’S SCHOOL FOR THE PERFORMING ARTS\n\nCOMPOSTELA FILMS"
JD40Q9esDws,17.14.11,"JUSTICE LEAGUE interviews - Gal Gadot, Ben Affleck, Henry Cavill, Ezra Miller, Momoa, Fisher",FOX 5 DC,News & Politics,2017-11-05T18:57:02.000Z,"Justice League|""Batman""|""Wonder Woman""|""Ben Affleck""|""Flash""|""Ezra Miller""|""Aquaman""|""Game of Thrones""|""Jason Momoa""",180032,2666,120,657,https://i.ytimg.com/vi/JD40Q9esDws/default.jpg,FALSE,FALSE,FALSE,"Fox 5's entertainment reporter, Kevin McCarthy (@KevinMcCarthyTV), sat down with Gal Gadot, Ben Affleck, Henry Cavill, Ezra Miller, Jason Momoa and Ray Fisher."
KSbHlycTciM,17.14.11,Jo Brand has to explain to #HIGNFY panel they should take sexual harassment seriously.,Peter Nicholls,People & Blogs,2017-11-04T04:30:49.000Z,"hignfy|""jobrand""|""sexual harrassment""",175198,2619,1767,1057,https://i.ytimg.com/vi/KSbHlycTciM/default.jpg,FALSE,FALSE,FALSE,The moment Jo Brand had to explain to the #HIGNFY panel that they should take sexual harassment seriously. Nov 3rd 2017\n\nCopyright BBC. Fair usage policy applied.
IVRVXYCrr14,17.14.11,THE SWEATIEST I'VE EVER BEEN!,Estée Lalonde,People & Blogs,2017-11-05T18:00:01.000Z,"essiebutton|""Estée Lalonde""|""Estee Lalonde""|""Essie Button""|""Essie""|""No Makeup Makeup""|""Drugstore Makeup Tutorial""|""Fashion""|""Cute Outfits""|""Makeup Tutorials""|""Healthy Foods""|""Eye Makeup""|""Outfit Ideas""|""Natural Makeup""|""Easy Healthy Recipes""|""Skin Care Products""|""Best Makeup""|""cambodia""|""travel""|""vlog""|""adventure""|""explore""|""fresh""|""cosmetics""|""beauty""|""skincare""|""hot weather""|""lotus""|""lake""|""fashion""|""outfits""|""what i wore""",95090,3776,91,320,https://i.ytimg.com/vi/IVRVXYCrr14/default.jpg,FALSE,FALSE,FALSE,Check out my blogpost for film photos and outfit details:\n http://www.esteelalonde.com/lifetime-cambodia-trip-fresh/\n\nDiscover the Fresh Lotus Range!\nhttp://bit.ly/2zf9jGa\n\n___________\n\n\nMY LINKS »\nSECOND CHANNEL → http://www.youtube.com/EverydayEstee\nWEBSITE → http://www.esteelalonde.com/\nTWITTER → http://twitter.com/EsteeLalonde\nINSTAGRAM → http://www.instagram.com/EsteeLalonde\nFACEBOOK → https://www.facebook.com/EsteeLalonde\nTUMBLR → http://esteelalonde.tumblr.com/\nPINTEREST → https://www.pinterest.com/esteelalonde\n\nSUBSCRIBE TO ASLAN→https://www.youtube.com/user/theworktop\nASLAN’S INSTAGRAM→https://www.instagram.com/li0nsmane/\n\n___________\n\n\nI have a brand new PODCAST! \n👉🏼 Radio Wolfgang: http://wolfga.ng/tattoOs\n👉🏼 iTunes: http://wolfga.ng/taTtoos\n👉🏼 Audioboom: http://wolfga.ng/tAttoos\n👉🏼 Stitcher: http://bit.ly/2fRfpl8\n👉🏼  Spotify: http://spoti.fi/2fypeYm\n\nSTAY UP TO DATE WITH US ON SOCIAL MEDIA! \n\nINSTAGRAM: https://www.instagram.com/theheartofi...\nTWITTER: https://twitter.com/THEHEARTOFITPOD\nFACEBOOK: https://www.facebook.com/theheartofit/\n\n___________\n\n\nDAY 1\n\nFollow Alessandra Steinherr on Instagram https://www.instagram.com/alexsteinherr/\n\nMy Hotel \nhttp://www.raffles.com/siem-reap/\n\nBlack Sunglasses\nhttp://bit.ly/2hFQ1zr\n\nNight Face Oil \nhttp://bit.ly/2zfWdII\n\n___________\n\n\nDAY 2\n\nIT Cosmetics CC Cream \nhttp://bit.ly/2zfWFqo\n\nIT Cosmetics Brow Pencil\nhttp://bit.ly/2hhbyS9\n\nLancome Hypnose Mascara \nhttp://bit.ly/2zfKFFq\n\nFresh SPF Balm \nhttp://bit.ly/2hdPo3i\n\nStraw Hat\n(Similar) http://bit.ly/2zdB9m7\n\nStraw Bag\n(Similar) http://bit.ly/2hdgzer\n\nWhite T-Shirt\n(Similar) http://bit.ly/2zevlc8\n\nCargo Pants\nhttp://bit.ly/2zegEFK\n\nString Sandals \nhttp://bit.ly/2hdg4kz\n\nBlack T-Shirt Dress\nhttp://bit.ly/2hcm3Ge\n\nSurratt Lipslique “Perfectionniste”\nhttp://bit.ly/2hcaHSL\n\nPurple Sandals\nhttps://www.maraisusa.com/collections/our-products/products/st-tropez-lavender#.Wf4SzRO0POQ\n\nRound Straw Bag\nhttps://www.woodgrey.com/collections/baskets-bags/products/round-basket\n\n___________\n\n\nDAY 3\n\nBlue LEO T-Shirt \nhttps://dawnofaquariusdoa.com/work/\n\nPink Cap \nhttp://bit.ly/2hf9l9Q\n\nBlack Evening Dress \nhttp://bit.ly/2zcEqBX\n\nGold Chain \n(Similar) http://bit.ly/2hbOynR\n\nBlack Slides \n(Similar) http://bit.ly/2hdVwZg\n\nSurratt Lipslique “Ladybug”\nhttp://bit.ly/2hcaHSL\n\nPerfume \nhttp://bit.ly/2hAZV5F\n\n___________\n\nMUSIC: \nEpidemic Sound: https://goo.gl/MWc1VZ \nCherne Beats: https://soundcloud.com/mattcherne\nElijah Who: https://soundcloud.com/elijahwho\nLSOW: https://soundcloud.com/lsowtunes\n\nThis video is not sponsored. Some of the above links are affiliate links.\n\n___________\n\nDo you like paper? Watch my last video here: \nhttps://youtu.be/Jv47zhUNNJA
ROzC9ZySGos,17.14.11,MAKEUP vs iPHONE X FACE ID,James Charles,Entertainment,2017-11-04T18:00:03.000Z,"james|""james charles""|""charles""|""makeup""|""mua""|""makeup artist""|""covergirl""|""coverboy""|""cute""|""manny mua""|""easy makeup""|""iphone x""|""apple""|""iphone""|""new iphone""|""face id""|""facial recognition""|""makeup vs iphone x""|""iphone x vs makeup""|""testing the iphone x""|""review""|""iphone x review""|""crazy makeup""|""makeup test""|""iphone 10""|""face recognition""|""iphone x unboxing""",2948664,115031,13504,11789,https://i.ytimg.com/vi/ROzC9ZySGos/default.jpg,FALSE,FALSE,FALSE,"HI SISTERS! Apple just dropped the brand new iPhone X and one of the biggest features on the phone is the new Face ID, which unlocks your phone using only your face. Some are excited, but some people are super nervous about it, so today I decided to pick up a phone for myself and put the iPhone X to the test. Watch as I try to cheat the system & test out how much makeup I can put on before it won't unlock for my face anymore! Enjoy and don't forget to thumbs up and subscribe!\n\nALSO GET READY FOR A FULL WEEK OF SISTER UPLOADS!!!!!!!!\n\nHAVE YOU SEEN MY LAST VIDEO? » http://bit.ly/UltaMakeover\nSISTER'S APPAREL » http://sisters-apparel.com\nSUBSCRIBE TO MY CHANNEL » http://bit.ly/JamesCharles for new videos!\n\n______\n\n♡ LET'S BE BFFS\nINSTAGRAM » http://instagram.com/jamescharles\nTWITTER » http://twitter.com/jamescharles\nSNAPCHAT » jamescharless\n\n______\n\n♡ COUPON CODES:\n\nMORPHE BRUSHES » Use code JAMES for 10% off all products http://morphebrushes.com\nLAURAS BOUTIQUE » Use code JAMES for 10% off all items\nhttp://lauras-boutique.com\nLILLY LASHES » Use code JAMES for 10% off all lashes\nhttps://lillylashes.com/\nTHE MAKEUP SHACK » Use code JAMES for 20% off all items online & in store http://themakeupshack.com\nNUBOUNSOM » Use code JAMES for 20% off all lashes https://nubounsom.com/\nOFRA » Use code JAMES for 30% off all products http://ofracosmetics.com\nUBER » Use code JAMESD15432UE for $20 off a ride!\n\n** All of the above links are affiliate links! I do make commission off of code uses. You don't have to use them, it's simply there to provide a discount for you guys!\n\n______\n\n♡ MUSIC\n\n♡ GRAPHICS\nMichael Rusakov\nhttp://instagram.com/michael.ny"
TUv06BScsp0,17.14.11,Triple H in ICW!,Insane Championship Wrestling - ICW,Entertainment,2017-11-05T18:17:18.000Z,"icw|""insane""|""championship""|""wrestling""|""wwe""|""triple h""|""hhh""|""nxt""",172393,3936,54,508,https://i.ytimg.com/vi/TUv06BScsp0/default.jpg,FALSE,FALSE,FALSE,"The Game appears at ICW Fight Club in Cardiff, Wales.  Tickets for ICW Fear & Loathing X - bit.ly/ICWTickets\n\nSubscribe to ICW On Demand at www.insanewrestling.co.uk/ondemand"
dgW5kpeSB1A,17.14.11,Jhené Aiko: While We're Young,Late Night with Seth Meyers,Comedy,2017-11-07T12:00:02.000Z,"Late Night|""Seth Meyers""|""Jhené Aiko""|""While We're Young""|""NBC""|""NBC TV""|""television""|""funny""|""talk show""|""comedy""|""humor""|""stand-up""|""parody""|""snl seth meyers""|""host""|""promo""|""seth""|""meyers""|""weekend update""|""news satire""|""satire""|""music""|""musical performance""|""Trip""|""Souled Out""|""When We Love""|""neo soul""|""R & B""|""hip hop""",28202,770,30,63,https://i.ytimg.com/vi/dgW5kpeSB1A/default.jpg,FALSE,FALSE,FALSE,"Musical guest Jhené Aiko performs While We're Young for Late Night with Seth Meyers.\n» Subscribe to Late Night: http://bit.ly/LateNightSeth\n» Get more Late Night with Seth Meyers: http://www.nbc.com/late-night-with-seth-meyers/\n» Watch Late Night with Seth Meyers Weeknights 12:35/11:35c on NBC.\n\nLATE NIGHT ON SOCIAL\nFollow Late Night on Twitter: https://twitter.com/LateNightSeth\nLike Late Night on Facebook: https://www.facebook.com/LateNightSeth\nFind Late Night on Tumblr: http://latenightseth.tumblr.com/\nConnect with Late Night on Google+: https://plus.google.com/+LateNightSeth/videos\n\nLate Night with Seth Meyers on YouTube features A-list celebrity guests, memorable comedy, and topical monologue jokes.\n\nNBC ON SOCIAL \nLike NBC: http://Facebook.com/NBC\nFollow NBC: http://Twitter.com/NBC\nNBC Tumblr: http://NBCtv.tumblr.com/\nNBC Pinterest: http://Pinterest.com/NBCtv/\nNBC Google+: https://plus.google.com/+NBC\nYouTube: http://www.youtube.com/nbc\nNBC Instagram: http://instagram.com/nbctv\n\nJhené Aiko: While We're Young- Late Night with Seth Meyers\nhttps://youtu.be/dgW5kpeSB1A\n\n\nLate Night with Seth Meyers\nhttp://www.youtube.com/user/latenightseth"
b-ufhlIlfmA,17.14.11,Manchester United LIED To Get Alex Ferguson | Martin Edwards Reveals All! | The Warm Down,Stephen Howson FC,Sports,2017-11-06T12:29:37.000Z,"stephen howson|""'fulltimedevils'""|""full time devils""|""manchester united""|""howson ftd""|""football""|""man utd""|""football manager""|""man united""|""howson""|""mutv""|""stephen howson podcast""|""manchester united academy""|""live stream""|""highlights""|""goals""|""mufc academy""|""martin edwards""|""alex ferguson interview""|""alex ferguson truth""|""mufc""|""chelsea vs manchester united""|""premier league""|""the warm down""|""football manager 2018""|""football owner""|""mufc glazers""|""manchester united lied""|""jose mourinho""|""champions league""",16473,803,13,153,https://i.ytimg.com/vi/b-ufhlIlfmA/default.jpg,FALSE,FALSE,FALSE,"Former Manchester United owner and chairman, Martin Edwards joins me on the Warm Down this week to discuss how Sir Alex Ferguson was recruited, why Batistuta wasn't signed, who we let go too soon, and why the Premier League was formed. It's all here, sit back and enjoy a great chat, with a great guest and be sure to check out his book which lifts the lid on over half a century of behind the scenes at United! \n\nPATREON LINK; http://bit.ly/HowsonPatreon\n\nWant to get more in depth? Join the Reddit group! http://www.Reddit.com/r/Howson\nThe Podcast is here: http://apple.co/1qQHSdF\nPlease Subscribe to the channel: http://bit.ly/HowsonYT\n\nMy social accounts are here;\nFacebook: http://www.facebook.com/MrStephenHowson\nTwitter: http://www.twitter.com/MrStephenHowson\nInstagram: http://www.instagram.com/MrStephenHowson\nSnapchat; https://snapchat.com/add/MrStephenHowson\n\nFinally my website is http://www.stephenhowson.com"
L99Bi097wak,17.14.11,My High-Street Style Favourites | The Anna Edit,The Anna Edit,Howto & Style,2017-11-05T09:33:44.000Z,"VivannaDoesMakeup|""Vivanna""|""Does""|""Makeup""|""Make-up""|""Make""|""Up""|""Cosmetics""|""Beauty""|""Blogger""|""Vlogger""|""UK""|""The""|""Anna""|""Edit""|""TAE""|""The Anna Edit""|""My High-Street Style Favourites""|""Style Favourites""|""Autumn""|""Winter""|""Style""|""Autumn Style Favourites""|""Haul""|""Essentials""|""Capsule Wardrobe""|""Highstreet""|""Topshop""|""ASOS""|""& Other Stories""|""ZARA""|""Mango""|""Whistles""|""H&M""",79683,2470,96,120,https://i.ytimg.com/vi/L99Bi097wak/default.jpg,FALSE,FALSE,FALSE,"The one where I show you all my high-street style favourites that are currently in my autumn capsule wardrobe and once again show my inner crazy leopard print lady. Have a read of today’s post here - http://annaed.uk/LmWyTS and sign up to my newsletter which sends out TOMORROW MORNING here - http://annaed.uk/newsletter\n\nFancy a read? Then head to my blog http://annaed.uk/blog for new posts every Monday, Wednesday, Friday and Sunday, or you can catch-up with my twice weekly videos here - http://annaed.uk/youtube, that I upload at 9am GMT every Wednesday and Sunday. \n\nMORE FROM THE ANNA EDIT:\nBlog -  http://annaed.uk/blog\nYouTube - http://annaed.uk/youtube\nTwitter - http://annaed.uk/twitter\nFacebook - http://annaed.uk/facebook\nInstagram - http://annaed.uk/instagram\nPodcast - http://annaed.uk/athomewith \nNewsletter - http://annaed.uk/newsletter \n\nWHAT I'M WEARING:\nTop - Equipment - http://annaed.uk/gVCyW1 \nJeans - Topshop - http://annaed.uk/00Kapk \nMakeup - It Cosmetics Your Skin But Better CC Cream in Light, Glossier Stretch Concealer in Light, MAC Mineralise Skinfinish Natural in Light Plus, Too Faced Milk Chocolate Soleil Bronzer, Kevyn Aucoin Sculpting Powder in Light, Glossier Cloud Paint in Dusk, Glossier Haloscope in Quartz, Glossier Boy Brow in Brown, MAC Eyeshadow in Soba, YSL The Shock Waterproof Mascara, Glosser Balm Dot Com in Coconut \nJewellery - Claire Kinder Studio Turquoise Pip Ring - http://annaed.uk/iQo2OY, Mejuri Black Diamond Ring - http://annaed.uk/74q3sd, Mejuri Beaded Ring - http://annaed.uk/EE2lrQ, Mejuri Twist Ring - http://annaed.uk/AIQZ5K, Catbird Baguette Diamond Ring - http://annaed.uk/7azc7z \nNecklace - Mejuri Black Diamond Necklace - http://annaed.uk/vGcxlL, H&M Earrings (no link but got them recently)\nNails - Nothing - letting ‘em breathe! \n\nLINKS MENTIONED:\nASOS White Cashmere Post - http://annaed.uk/bu97an \nClothing Care Blog Post - http://annaed.uk/0cznNE\n\nASOS: \nJackets & Coats - http://annaed.uk/QJdH24 \nASOS Leopard Print Coat (sadly sold out, but this one’s kinda similar - http://annaed.uk/s3bv6v) \nASOS Faux Fur Leopard Print Coat - http://annaed.uk/nqzX2D \nASOS White Collection - http://annaed.uk/23BBNY \nASOS White Cashmere Jumper - http://annaed.uk/m4UKUV \nASOS Loungewear - http://annaed.uk/V7UwnG \n\nTOPSHOP:\nDenim Section - http://annaed.uk/hc6Llj \nTopshop Moto Raw Hem Straight Leg - http://annaed.uk/bBtIKt \nVintage Blue Straight Leg Jeans - http://annaed.uk/00Kapk \nPale Wash Straight Leg Jeans - http://annaed.uk/00Kapk\nTops & Blouses - http://annaed.uk/ZPJLDb \nBeachwear - http://annaed.uk/djptsa \n\n& OTHER STORIES:\n& Other Stories Basic Wool Turtleneck - http://annaed.uk/kVuJA4\n& Other Stories Trench Coat - http://annaed.uk/mEgG94  \nShoe Section - http://annaed.uk/F0wsjU \n\nWHISTLES: \nWhistles Pea Coat (sadly sold out, but this one from Sezane is SO similar - http://annaed.uk/wcjwxT)\nWhistles Camel Coat (sold out, but here’s a dupe - http://annaed.uk/MgUNMI)\nShirt Section - http://annaed.uk/J74Bk2 \nOccasionwear Section - http://annaed.uk/tlT1Ba \n\nOTHER SHOPS I RECOMMEND:\nMango - http://annaed.uk/mNh591 \nCOS - http://annaed.uk/SYeBlD \nH&M - http://annaed.uk/AIO4Qt \n\nCAMERA USED:\nCanon 5D Mark III - http://annaed.uk/canon5d\nCanon 50mm f/1.2 Lens - http://annaed.uk/canon50mm\n\nDisclaimer: This is not a paid for advertisement. All products purchased by myself or are PR samples. Some links may contain affiliate links. This means that if you click on an affiliate link, go through to the retailer and purchase an item, I may receive a small percentage of your purchase. Check out my website for a full disclaimer -  http://annaed.uk/disclaimer."
14G7U6pTcFk,17.14.11,[ProjectTL] Trailer movie,ncsoft,Gaming,2017-11-07T06:38:32.000Z,"NC|""NCSOFT""|""MMORPG""|""ProjectTL""|""Lineage""|""프로젝트TL""",99578,570,42,96,https://i.ytimg.com/vi/14G7U6pTcFk/default.jpg,FALSE,FALSE,FALSE,"가장 리니지답지만 가장 새로운 MMORPG, '프로젝트 TL'"
1eS_17CG9sk,17.14.11,ADULTING QUIZ (with Daniel J Layton),Hazel Hayes,People & Blogs,2017-11-05T12:03:04.000Z,"hazel|""hazel hayes""|""chewingsand""|""chewing sand""|""daniel j layton""|""dan layton""|""adulting""|""quiz""|""game""|""gameshow""|""challenge""|""kinder""|""kinder bueno""|""moth cupboard""",64691,5540,42,954,https://i.ytimg.com/vi/1eS_17CG9sk/default.jpg,FALSE,FALSE,FALSE,"Dan and I took a quiz to find out which one of us is adulting best! Take the quiz along with us and leave your score in the comments (results below). Thanks to Kinder Bueno for sponsoring this video! #ad\nSUBSCRIBE TO MY CHANNEL: http://youtube.com/hazel\nFOLLOW ME ON TWITTER: http://twitter.com/thehazelhayes\nLOOK AT ME ON INSTAGRAM: http://instagram.com/thehazelhayes\n\nRESULTS\n10-16\nYou are: Young at Heart\nYou’ve got a little way to go before you can officially call yourself an adult, but you’re trying and that’s what counts! So grab yourself a Kinder Bueno anyway and get descaling that kettle.\n \n17-23\nYou are: Adequately adulting\nMost of the time you’re functioning sufficiently as a grown-up human being. By that we mean you’re not drowning, at least! Pop your feet up on that fresh pile of laundry and enjoy some Kinder Bueno goodness.\n \n24-30\nYou are: Grown Up Guru\nHellooo fully fledged adult! You’re absolutely smashing this ‘adulting’ thing. Your mates come to you for advice on those boring yet important life skills, so enjoy your well-earned deliciously smooth Kinder Bueno with pride."
kROW5iooUKE,17.14.11,Keeping it in the Family,Tom Fletcher,Entertainment,2017-11-05T09:00:02.000Z,"Christmas|""family""|""books""|""show""|""dinosaurs""|""tom fletcher""|""carrie fletcher""|""giovanna fletcher""|""The Christmasaurus""|""Santa""|""Matt Willis""|""Harry Judd""|""Santa Claus""|""Father Christmas""|""Palladium""|""London""|""McFLY""|""Busted""|""McBusted""|""Dancing""|""Singing""",89033,3386,32,142,https://i.ytimg.com/vi/kROW5iooUKE/default.jpg,FALSE,FALSE,FALSE,TICKETS to the show: \nhttps://www.eventimapollo.com/events/detail/the-christmasaurus-live-on-stage\nPre-order The MUSICAL EDITION:\nAmazon: po.st/ChristmasaurusAmazon\nTesco: po.st/ChristmasaurusTesco\nWaterstones: po.st/ChristmasaurusWaterstones\nWHSmith link also now live: po.st/ChristmasaurusWHSmith
NWdc7PyZNLA,17.14.11,Guest Host Jennifer Lawrence Interviews Kim Kardashian West,Jimmy Kimmel Live,Comedy,2017-11-03T09:00:01.000Z,"jimmy|""jimmy kimmel""|""jimmy kimmel live""|""late night""|""talk show""|""funny""|""comedic""|""comedy""|""clip""|""comedian""|""mean tweets""|""kim kardashian""|""jennifer lawrence""|""keeping up with the kardashians""|""kuwtk""|""kanye west""",12924004,190116,16758,11083,https://i.ytimg.com/vi/NWdc7PyZNLA/default.jpg,FALSE,FALSE,FALSE,"Guest Host and Kardashian super fan Jennifer Lawrence talks to Kim about the first time they met, Jennifer going to her house and getting drunk with Kris Jenner, Kim’s secret hacking abilities, her craziest ex-boyfriend, which Kardashian sister lost her virginity first, the weirdest thing Kanye does, if she has talked to OJ Simpson and Jennifer gives Kim a very special gift.\n\nGuest Host Channing Tatum Dances His Way onto Kimmel https://youtu.be/0zNXhZJROl4\n \nSUBSCRIBE to get the latest #KIMMEL: http://bit.ly/JKLSubscribe\n \nWatch Mean Tweets: http://bit.ly/KimmelMT10\n \nConnect with Jimmy Kimmel Live Online:\n \nVisit the Jimmy Kimmel Live WEBSITE: http://bit.ly/JKLWebsite\nLike Jimmy Kimmel on FACEBOOK: http://bit.ly/KimmelFB\nLike Jimmy Kimmel Live on FACEBOOK: http://bit.ly/JKLFacebook\nFollow @JimmyKimmel on TWITTER: http://bit.ly/KimmelTW\nFollow Jimmy Kimmel Live on TWITTER: http://bit.ly/JKLTwitter\nFollow Jimmy Kimmel Live on INSTAGRAM: http://bit.ly/JKLInstagram\n \nAbout Jimmy Kimmel Live:\n \nJimmy Kimmel serves as host and executive producer of Emmy-winning Jimmy Kimmel Live, ABC's late-night talk show.\n\nJimmy Kimmel Live is well known for its huge viral video successes with 5.6 billion views on YouTube alone.\nSome of Kimmel's most popular comedy bits include - Mean Tweets, Lie Witness News, Jimmy's Twerk Fail Prank, Unnecessary Censorship, YouTube Challenge, The Baby Bachelor, Movie: The Movie, Handsome Men's Club, Jimmy Kimmel Lie Detective and music videos like I (Wanna) Channing All Over Your Tatum and a Blurred Lines parody with Robin Thicke, Pharrell, Jimmy and his security guard Guillermo.\nNow in its fifteenth season, Kimmel's guests have included: Johnny Depp, Meryl Streep, Tom Cruise, Halle Berry, Harrison Ford, Jennifer Aniston, Will Ferrell, Katy Perry, Tom Hanks, Scarlett Johansson, Channing Tatum, George Clooney, Larry David, Charlize Theron, Mark Wahlberg, Kobe Bryant, Steve Carell, Hugh Jackman, Kristen Wiig, Jeff Bridges, Jennifer Garner, Ryan Gosling, Bryan Cranston, Jamie Foxx, Amy Poehler, Ben Affleck, Robert Downey Jr., Jake Gyllenhaal, Oprah, and unfortunately Matt Damon.\n\nGuest Host Jennifer Lawrence Interviews Kim Kardashian West\nhttps://youtu.be/NWdc7PyZNLA"
jSJr3dXZfcg,17.14.11,World of Warcraft: Battle for Azeroth Cinematic Trailer,World of Warcraft,Gaming,2017-11-03T19:10:41.000Z,"World of Warcraft|""WoW""|""Legion""|""Warcraft""|""Blizzard""|""Blizzard Entertainment""|""battle for azeroth""|""anduin""|""sylvanas""|""lordaeron""|""azeroth""",7309863,135719,3422,25986,https://i.ytimg.com/vi/jSJr3dXZfcg/default.jpg,FALSE,FALSE,FALSE,"Tensions between the Alliance and Horde have erupted, and a new age of war has begun. For more info on the game, or to opt in to the beta, head to http://worldofwarcraft.com"
nR3OdeqiEF8,17.14.11,Evolution of the Ford Mustang | Donut Media,Donut Media,Autos & Vehicles,2017-11-06T15:00:04.000Z,"ford mustang|""mustang""|""mustang evolution""|""mustang history""|""ford mustang history""|""ford""|""classic mustang""|""vintage mustang""|""mustang fastback""|""new mustang""|""2018 mustang""|""2019 mustang""|""1967 mustang""|""eleanor""|""mach1""|""mach 1""|""mach 1 mustang""|""mustang 2""|""mustang ii""|""foxbody""|""foxbody mustang""|""5.0 mustang""|""fox body""|""notch back""|""notchback""|""svt cobra""|""carrol shelby""|""carroll shelby""|""cobrajet""|""cobra mustang""|""shelby mustang""|""gt500""|""gt350""|""gt400""|""mustang gt""",109148,3222,62,539,https://i.ytimg.com/vi/nR3OdeqiEF8/default.jpg,FALSE,FALSE,FALSE,"Theeeee Ford Mustang.\nIt premiered at the World's Fair in 1917 and has evolved into perhaps the most iconic, legendary, and well-known car of all time. It's looked great (Mach 1), bad (Mustang 2), boxy (Foxbody), round (sn-95), and now--arguably--back to great again. \n\nWhat's your favorite Mustang? The classic fastback? The agro notchback? The SVT cobra? The new mustang? What about the new new mustang?\n\nCheck out more Donut Media Videos: https://youtu.be/Pz8IGLgFE2s?list=PLFl907chpCa7c7xUVrvc6iXv-kWfvIdHU\n\nSome of our best videos ever are coming out soon, stay tuned so you won't miss a thing!\n►Subscribe here: http://bit.ly/1JQ3qvO\n\nLike us on Facebook: https://www.facebook.com/donutmedia/\n\nClick here if you want to learn more about Donut Media: http://www.donut.media/\n\nDonut Media is at the center of digital media for the next generation of automotive and motorsports enthusiasts. We are drivers, drifters, and car enthusiasts who love to tell stories."
,,,,,,,,,,,,,,,
,,,,,,,,,,,,,,,
,,,,,,,,,,,,,,,
,,,,,,,,,,,,,,,
,,,,,,,,,,,,,,,
,,,,,,,,,,,,,,,
,,,,,,,,,,,,,,,
,,,,,,,,,,,,,,,
,,,,,,,,,,,,,,,
,,,,,,,,,,,,,,,
,,,,,,,,,,,,,,,
,,,,,,,,,,,,,,,
,,,,,,,,,,,,,,,
,,,,,,,,,,,,,,,
,,,,,,,,,,,,,,,
,,,,,,,,,,,,,,,
,,,,,,,,,,,,,,,
,,,,,,,,,,,,,,,
,,,,,,,,,,,,,,,
,,,,,,,,,,,,,,,
,,,,,,,,,,,,,,,
,,,,,,,,,,,,,,,
,,,,,,,,,,,,,,,
,,,,,,,,,,,,,,,
,,,,,,,,,,,,,,,
,,,,,,,,,,,,,,,
,,,,,,,,,,,,,,,
,,,,,,,,,,,,,,,
,,,,,,,,,,,,,,,
,,,,,,,,,,,,,,,
,,,,,,,,,,,,,,,
,,,,,,,,,,,,,,,
,,,,,,,,,,,,,,,
,,,,,,,,,,,,,,,
,,,,,,,,,,,,,,,
,,,,,,,,,,,,,,,
,,,,,,,,,,,,,,,
,,,,,,,,,,,,,,,
,,,,,,,,,,,,,,,
,,,,,,,,,,,,,,,
,,,,,,,,,,,,,,,
,,,,,,,,,,,,,,,
,,,,,,,,,,,,,,,
,,,,,,,,,,,,,,,
,,,,,,,,,,,,,,,
,,,,,,,,,,,,,,,
,,,,,,,,,,,,,,,
,,,,,,,,,,,,,,,
,,,,,,,,,,,,,,,
,,,,,,,,,,,,,,,
,,,,,,,,,,,,,,,
,,,,,,,,,,,,,,,
,,,,,,,,,,,,,,,
,,,,,,,,,,,,,,,
,,,,,,,,,,,,,,,
,,,,,,,,,,,,,,,
,,,,,,,,,,,,,,,
,,,,,,,,,,,,,,,
,,,,,,,,,,,,,,,
,,,,,,,,,,,,,,,
,,,,,,,,,,,,,,,
,,,,,,,,,,,,,,,
,,,,,,,,,,,,,,,
,,,,,,,,,,,,,,,
,,,,,,,,,,,,,,,
,,,,,,,,,,,,,,,
,,,,,,,,,,,,,,,
,,,,,,,,,,,,,,,
,,,,,,,,,,,,,,,
,,,,,,,,,,,,,,,
,,,,,,,,,,,,,,,
,,,,,,,,,,,,,,,
,,,,,,,,,,,,,,,
,,,,,,,,,,,,,,,
,,,,,,,,,,,,,,,
,,,,,,,,,,,,,,,
,,,,,,,,,,,,,,,
,,,,,,,,,,,,,,,
,,,,,,,,,,,,,,,
,,,,,,,,,,,,,,,
,,,,,,,,,,,,,,,
,,,,,,,,,,,,,,,
,,,,,,,,,,,,,,,
,,,,,,,,,,,,,,,
,,,,,,,,,,,,,,,
,,,,,,,,,,,,,,,
,,,,,,,,,,,,,,,
,,,,,,,,,,,,,,,
,,,,,,,,,,,,,,,
,,,,,,,,,,,,,,,
,,,,,,,,,,,,,,,
,,,,,,,,,,,,,,,
,,,,,,,,,,,,,,,
,,,,,,,,,,,,,,,
,,,,,,,,,,,,,,,
,,,,,,,,,,,,,,,
,,,,,,,,,,,,,,,
,,,,,,,,,,,,,,,
,,,,,,,,,,,,,,,
,,,,,,,,,,,,,,,
,,,,,,,,,,,,,,,
,,,,,,,,,,,,,,,
,,,,,,,,,,,,,,,
,,,,,,,,,,,,,,,
,,,,,,,,,,,,,,,
,,,,,,,,,,,,,,,
,,,,,,,,,,,,,,,
,,,,,,,,,,,,,,,
,,,,,,,,,,,,,,,
,,,,,,,,,,,,,,,
,,,,,,,,,,,,,,,
,,,,,,,,,,,,,,,
,,,,,,,,,,,,,,,
,,,,,,,,,,,,,,,
,,,,,,,,,,,,,,,
,,,,,,,,,,,,,,,
,,,,,,,,,,,,,,,
,,,,,,,,,,,,,,,
,,,,,,,,,,,,,,,
,,,,,,,,,,,,,,,
,,,,,,,,,,,,,,,
,,,,,,,,,,,,,,,
,,,,,,,,,,,,,,,
,,,,,,,,,,,,,,,
,,,,,,,,,,,,,,,
,,,,,,,,,,,,,,,
,,,,,,,,,,,,,,,
,,,,,,,,,,,,,,,
,,,,,,,,,,,,,,,
,,,,,,,,,,,,,,,
,,,,,,,,,,,,,,,
,,,,,,,,,,,,,,,
,,,,,,,,,,,,,,,
,,,,,,,,,,,,,,,
,,,,,,,,,,,,,,,
,,,,,,,,,,,,,,,
,,,,,,,,,,,,,,,
,,,,,,,,,,,,,,,
,,,,,,,,,,,,,,,
,,,,,,,,,,,,,,,
,,,,,,,,,,,,,,,
,,,,,,,,,,,,,,,
,,,,,,,,,,,,,,,
,,,,,,,,,,,,,,,
,,,,,,,,,,,,,,,
,,,,,,,,,,,,,,,
,,,,,,,,,,,,,,,
,,,,,,,,,,,,,,,
,,,,,,,,,,,,,,,
,,,,,,,,,,,,,,,
,,,,,,,,,,,,,,,
,,,,,,,,,,,,,,,
,,,,,,,,,,,,,,,
,,,,,,,,,,,,,,,
,,,,,,,,,,,,,,,
,,,,,,,,,,,,,,,
,,,,,,,,,,,,,,,
,,,,,,,,,,,,,,,
,,,,,,,,,,,,,,,
,,,,,,,,,,,,,,,
,,,,,,,,,,,,,,,
,,,,,,,,,,,,,,,
,,,,,,,,,,,,,,,
,,,,,,,,,,,,,,,
,,,,,,,,,,,,,,,
,,,,,,,,,,,,,,,
,,,,,,,,,,,,,,,
,,,,,,,,,,,,,,,
,,,,,,,,,,,,,,,
,,,,,,,,,,,,,,,
,,,,,,,,,,,,,,,
,,,,,,,,,,,,,,,
,,,,,,,,,,,,,,,
,,,,,,,,,,,,,,,
,,,,,,,,,,,,,,,
,,,,,,,,,,,,,,,
,,,,,,,,,,,,,,,
,,,,,,,,,,,,,,,
,,,,,,,,,,,,,,,
,,,,,,,,,,,,,,,
,,,,,,,,,,,,,,,
,,,,,,,,,,,,,,,
,,,,,,,,,,,,,,,
,,,,,,,,,,,,,,,
,,,,,,,,,,,,,,,
,,,,,,,,,,,,,,,
,,,,,,,,,,,,,,,
,,,,,,,,,,,,,,,
,,,,,,,,,,,,,,,
,,,,,,,,,,,,,,,
,,,,,,,,,,,,,,,
,,,,,,,,,,,,,,,
,,,,,,,,,,,,,,,
,,,,,,,,,,,,,,,
,,,,,,,,,,,,,,,
,,,,,,,,,,,,,,,
,,,,,,,,,,,,,,,
,,,,,,,,,,,,,,,
,,,,,,,,,,,,,,,
,,,,,,,,,,,,,,,
,,,,,,,,,,,,,,,
,,,,,,,,,,,,,,,
,,,,,,,,,,,,,,,
,,,,,,,,,,,,,,,
,,,,,,,,,,,,,,,
,,,,,,,,,,,,,,,
,,,,,,,,,,,,,,,
,,,,,,,,,,,,,,,
,,,,,,,,,,,,,,,
,,,,,,,,,,,,,,,
,,,,,,,,,,,,,,,
,,,,,,,,,,,,,,,
,,,,,,,,,,,,,,,
,,,,,,,,,,,,,,,
,,,,,,,,,,,,,,,
,,,,,,,,,,,,,,,
,,,,,,,,,,,,,,,
,,,,,,,,,,,,,,,
,,,,,,,,,,,,,,,
,,,,,,,,,,,,,,,
,,,,,,,,,,,,,,,
,,,,,,,,,,,,,,,
,,,,,,,,,,,,,,,
,,,,,,,,,,,,,,,
,,,,,,,,,,,,,,,
,,,,,,,,,,,,,,,
,,,,,,,,,,,,,,,
,,,,,,,,,,,,,,,
,,,,,,,,,,,,,,,
,,,,,,,,,,,,,,,
,,,,,,,,,,,,,,,
,,,,,,,,,,,,,,,
,,,,,,,,,,,,,,,
,,,,,,,,,,,,,,,
,,,,,,,,,,,,,,,
,,,,,,,,,,,,,,,
,,,,,,,,,,,,,,,
,,,,,,,,,,,,,,,
,,,,,,,,,,,,,,,
,,,,,,,,,,,,,,,
,,,,,,,,,,,,,,,
,,,,,,,,,,,,,,,
,,,,,,,,,,,,,,,
,,,,,,,,,,,,,,,
,,,,,,,,,,,,,,,
,,,,,,,,,,,,,,,
,,,,,,,,,,,,,,,
,,,,,,,,,,,,,,,
,,,,,,,,,,,,,,,
,,,,,,,,,,,,,,,
,,,,,,,,,,,,,,,
,,,,,,,,,,,,,,,
,,,,,,,,,,,,,,,
,,,,,,,,,,,,,,,
,,,,,,,,,,,,,,,
,,,,,,,,,,,,,,,
,,,,,,,,,,,,,,,
,,,,,,,,,,,,,,,
,,,,,,,,,,,,,,,
,,,,,,,,,,,,,,,
,,,,,,,,,,,,,,,
,,,,,,,,,,,,,,,
,,,,,,,,,,,,,,,
,,,,,,,,,,,,,,,
,,,,,,,,,,,,,,,
,,,,,,,,,,,,,,,
,,,,,,,,,,,,,,,
,,,,,,,,,,,,,,,
,,,,,,,,,,,,,,,
,,,,,,,,,,,,,,,
,,,,,,,,,,,,,,,
,,,,,,,,,,,,,,,
,,,,,,,,,,,,,,,
,,,,,,,,,,,,,,,
,,,,,,,,,,,,,,,
,,,,,,,,,,,,,,,
,,,,,,,,,,,,,,,
,,,,,,,,,,,,,,,
,,,,,,,,,,,,,,,
,,,,,,,,,,,,,,,
,,,,,,,,,,,,,,,
,,,,,,,,,,,,,,,
,,,,,,,,,,,,,,,
,,,,,,,,,,,,,,,
,,,,,,,,,,,,,,,
,,,,,,,,,,,,,,,
,,,,,,,,,,,,,,,
,,,,,,,,,,,,,,,
,,,,,,,,,,,,,,,
,,,,,,,,,,,,,,,
,,,,,,,,,,,,,,,
,,,,,,,,,,,,,,,
,,,,,,,,,,,,,,,
,,,,,,,,,,,,,,,
,,,,,,,,,,,,,,,
,,,,,,,,,,,,,,,
,,,,,,,,,,,,,,,
,,,,,,,,,,,,,,,
,,,,,,,,,,,,,,,
,,,,,,,,,,,,,,,
,,,,,,,,,,,,,,,
,,,,,,,,,,,,,,,
,,,,,,,,,,,,,,,
,,,,,,,,,,,,,,,
,,,,,,,,,,,,,,,
,,,,,,,,,,,,,,,
,,,,,,,,,,,,,,,
,,,,,,,,,,,,,,,
,,,,,,,,,,,,,,,
,,,,,,,,,,,,,,,
,,,,,,,,,,,,,,,
,,,,,,,,,,,,,,,
,,,,,,,,,,,,,,,
,,,,,,,,,,,,,,,
,,,,,,,,,,,,,,,
,,,,,,,,,,,,,,,
,,,,,,,,,,,,,,,
,,,,,,,,,,,,,,,
,,,,,,,,,,,,,,,
,,,,,,,,,,,,,,,
,,,,,,,,,,,,,,,
,,,,,,,,,,,,,,,
,,,,,,,,,,,,,,,
,,,,,,,,,,,,,,,
,,,,,,,,,,,,,,,
,,,,,,,,,,,,,,,
,,,,,,,,,,,,,,,
,,,,,,,,,,,,,,,
,,,,,,,,,,,,,,,
,,,,,,,,,,,,,,,
,,,,,,,,,,,,,,,
,,,,,,,,,,,,,,,
,,,,,,,,,,,,,,,
,,,,,,,,,,,,,,,
,,,,,,,,,,,,,,,
,,,,,,,,,,,,,,,
,,,,,,,,,,,,,,,
,,,,,,,,,,,,,,,
,,,,,,,,,,,,,,,
,,,,,,,,,,,,,,,
,,,,,,,,,,,,,,,
,,,,,,,,,,,,,,,
,,,,,,,,,,,,,,,
,,,,,,,,,,,,,,,
,,,,,,,,,,,,,,,
,,,,,,,,,,,,,,,
,,,,,,,,,,,,,,,
,,,,,,,,,,,,,,,
,,,,,,,,,,,,,,,
,,,,,,,,,,,,,,,
,,,,,,,,,,,,,,,
,,,,,,,,,,,,,,,
,,,,,,,,,,,,,,,
,,,,,,,,,,,,,,,
,,,,,,,,,,,,,,,
,,,,,,,,,,,,,,,
,,,,,,,,,,,,,,,
,,,,,,,,,,,,,,,
,,,,,,,,,,,,,,,
,,,,,,,,,,,,,,,
,,,,,,,,,,,,,,,
,,,,,,,,,,,,,,,
,,,,,,,,,,,,,,,
,,,,,,,,,,,,,,,
,,,,,,,,,,,,,,,
,,,,,,,,,,,,,,,
,,,,,,,,,,,,,,,
,,,,,,,,,,,,,,,
,,,,,,,,,,,,,,,
,,,,,,,,,,,,,,,
,,,,,,,,,,,,,,,
,,,,,,,,,,,,,,,
,,,,,,,,,,,,,,,
,,,,,,,,,,,,,,,
,,,,,,,,,,,,,,,
,,,,,,,,,,,,,,,
,,,,,,,,,,,,,,,
,,,,,,,,,,,,,,,
,,,,,,,,,,,,,,,
,,,,,,,,,,,,,,,
,,,,,,,,,,,,,,,
,,,,,,,,,,,,,,,
,,,,,,,,,,,,,,,
,,,,,,,,,,,,,,,
,,,,,,,,,,,,,,,
,,,,,,,,,,,,,,,
,,,,,,,,,,,,,,,
,,,,,,,,,,,,,,,
,,,,,,,,,,,,,,,
,,,,,,,,,,,,,,,
,,,,,,,,,,,,,,,
,,,,,,,,,,,,,,,
,,,,,,,,,,,,,,,
,,,,,,,,,,,,,,,
,,,,,,,,,,,,,,,
,,,,,,,,,,,,,,,
,,,,,,,,,,,,,,,
,,,,,,,,,,,,,,,
,,,,,,,,,,,,,,,
,,,,,,,,,,,,,,,
,,,,,,,,,,,,,,,
,,,,,,,,,,,,,,,
,,,,,,,,,,,,,,,
,,,,,,,,,,,,,,,
,,,,,,,,,,,,,,,
,,,,,,,,,,,,,,,
,,,,,,,,,,,,,,,
,,,,,,,,,,,,,,,
,,,,,,,,,,,,,,,
,,,,,,,,,,,,,,,
,,,,,,,,,,,,,,,
,,,,,,,,,,,,,,,
,,,,,,,,,,,,,,,
,,,,,,,,,,,,,,,
,,,,,,,,,,,,,,,
,,,,,,,,,,,,,,,
,,,,,,,,,,,,,,,
,,,,,,,,,,,,,,,
,,,,,,,,,,,,,,,
,,,,,,,,,,,,,,,
,,,,,,,,,,,,,,,
,,,,,,,,,,,,,,,
,,,,,,,,,,,,,,,
,,,,,,,,,,,,,,,
,,,,,,,,,,,,,,,
,,,,,,,,,,,,,,,
,,,,,,,,,,,,,,,
,,,,,,,,,,,,,,,
,,,,,,,,,,,,,,,
,,,,,,,,,,,,,,,
,,,,,,,,,,,,,,,
,,,,,,,,,,,,,,,
,,,,,,,,,,,,,,,
,,,,,,,,,,,,,,,
,,,,,,,,,,,,,,,
,,,,,,,,,,,,,,,
,,,,,,,,,,,,,,,
,,,,,,,,,,,,,,,
,,,,,,,,,,,,,,,
,,,,,,,,,,,,,,,
,,,,,,,,,,,,,,,
,,,,,,,,,,,,,,,
,,,,,,,,,,,,,,,
,,,,,,,,,,,,,,,
,,,,,,,,,,,,,,,
,,,,,,,,,,,,,,,
,,,,,,,,,,,,,,,
,,,,,,,,,,,,,,,
,,,,,,,,,,,,,,,
,,,,,,,,,,,,,,,
,,,,,,,,,,,,,,,
,,,,,,,,,,,,,,,
,,,,,,,,,,,,,,,
,,,,,,,,,,,,,,,
,,,,,,,,,,,,,,,
,,,,,,,,,,,,,,,
,,,,,,,,,,,,,,,
,,,,,,,,,,,,,,,
,,,,,,,,,,,,,,,
,,,,,,,,,,,,,,,
,,,,,,,,,,,,,,,
,,,,,,,,,,,,,,,
,,,,,,,,,,,,,,,
,,,,,,,,,,,,,,,
,,,,,,,,,,,,,,,
,,,,,,,,,,,,,,,
,,,,,,,,,,,,,,,
,,,,,,,,,,,,,,,
,,,,,,,,,,,,,,,
,,,,,,,,,,,,,,,
,,,,,,,,,,,,,,,
,,,,,,,,,,,,,,,
,,,,,,,,,,,,,,,
,,,,,,,,,,,,,,,
,,,,,,,,,,,,,,,
,,,,,,,,,,,,,,,
,,,,,,,,,,,,,,,
,,,,,,,,,,,,,,,
,,,,,,,,,,,,,,,
,,,,,,,,,,,,,,,
,,,,,,,,,,,,,,,
,,,,,,,,,,,,,,,
,,,,,,,,,,,,,,,
,,,,,,,,,,,,,,,
,,,,,,,,,,,,,,,
,,,,,,,,,,,,,,,
,,,,,,,,,,,,,,,
,,,,,,,,,,,,,,,
,,,,,,,,,,,,,,,
,,,,,,,,,,,,,,,
,,,,,,,,,,,,,,,
,,,,,,,,,,,,,,,
,,,,,,,,,,,,,,,
,,,,,,,,,,,,,,,
,,,,,,,,,,,,,,,
,,,,,,,,,,,,,,,
,,,,,,,,,,,,,,,
,,,,,,,,,,,,,,,
,,,,,,,,,,,,,,,
,,,,,,,,,,,,,,,
,,,,,,,,,,,,,,,
,,,,,,,,,,,,,,,
,,,,,,,,,,,,,,,
,,,,,,,,,,,,,,,
,,,,,,,,,,,,,,,
,,,,,,,,,,,,,,,
,,,,,,,,,,,,,,,
,,,,,,,,,,,,,,,
,,,,,,,,,,,,,,,
,,,,,,,,,,,,,,,
,,,,,,,,,,,,,,,
,,,,,,,,,,,,,,,
,,,,,,,,,,,,,,,
,,,,,,,,,,,,,,,
,,,,,,,,,,,,,,,
,,,,,,,,,,,,,,,
,,,,,,,,,,,,,,,
,,,,,,,,,,,,,,,
,,,,,,,,,,,,,,,
,,,,,,,,,,,,,,,
,,,,,,,,,,,,,,,
,,,,,,,,,,,,,,,
,,,,,,,,,,,,,,,
,,,,,,,,,,,,,,,
,,,,,,,,,,,,,,,
,,,,,,,,,,,,,,,
,,,,,,,,,,,,,,,
,,,,,,,,,,,,,,,
,,,,,,,,,,,,,,,
,,,,,,,,,,,,,,,
,,,,,,,,,,,,,,,
,,,,,,,,,,,,,,,
,,,,,,,,,,,,,,,
,,,,,,,,,,,,,,,
,,,,,,,,,,,,,,,
,,,,,,,,,,,,,,,
,,,,,,,,,,,,,,,
,,,,,,,,,,,,,,,
,,,,,,,,,,,,,,,
,,,,,,,,,,,,,,,
,,,,,,,,,,,,,,,
,,,,,,,,,,,,,,,
,,,,,,,,,,,,,,,
,,,,,,,,,,,,,,,
,,,,,,,,,,,,,,,
,,,,,,,,,,,,,,,
,,,,,,,,,,,,,,,
,,,,,,,,,,,,,,,
,,,,,,,,,,,,,,,
,,,,,,,,,,,,,,,
,,,,,,,,,,,,,,,
,,,,,,,,,,,,,,,
,,,,,,,,,,,,,,,
,,,,,,,,,,,,,,,
,,,,,,,,,,,,,,,
,,,,,,,,,,,,,,,
,,,,,,,,,,,,,,,
,,,,,,,,,,,,,,,
,,,,,,,,,,,,,,,
,,,,,,,,,,,,,,,
,,,,,,,,,,,,,,,
,,,,,,,,,,,,,,,
,,,,,,,,,,,,,,,
,,,,,,,,,,,,,,,
,,,,,,,,,,,,,,,
,,,,,,,,,,,,,,,
,,,,,,,,,,,,,,,
,,,,,,,,,,,,,,,
,,,,,,,,,,,,,,,
,,,,,,,,,,,,,,,
,,,,,,,,,,,,,,,
,,,,,,,,,,,,,,,
,,,,,,,,,,,,,,,
,,,,,,,,,,,,,,,
,,,,,,,,,,,,,,,
,,,,,,,,,,,,,,,
,,,,,,,,,,,,,,,
,,,,,,,,,,,,,,,
,,,,,,,,,,,,,,,
,,,,,,,,,,,,,,,
,,,,,,,,,,,,,,,
,,,,,,,,,,,,,,,
,,,,,,,,,,,,,,,
,,,,,,,,,,,,,,,
,,,,,,,,,,,,,,,
,,,,,,,,,,,,,,,
,,,,,,,,,,,,,,,
,,,,,,,,,,,,,,,
,,,,,,,,,,,,,,,
,,,,,,,,,,,,,,,
,,,,,,,,,,,,,,,
,,,,,,,,,,,,,,,
,,,,,,,,,,,,,,,
,,,,,,,,,,,,,,,
,,,,,,,,,,,,,,,
,,,,,,,,,,,,,,,
,,,,,,,,,,,,,,,
,,,,,,,,,,,,,,,
,,,,,,,,,,,,,,,
,,,,,,,,,,,,,,,
,,,,,,,,,,,,,,,
,,,,,,,,,,,,,,,
,,,,,,,,,,,,,,,
,,,,,,,,,,,,,,,
,,,,,,,,,,,,,,,
,,,,,,,,,,,,,,,
,,,,,,,,,,,,,,,
,,,,,,,,,,,,,,,
,,,,,,,,,,,,,,,
,,,,,,,,,,,,,,,
,,,,,,,,,,,,,,,
,,,,,,,,,,,,,,,
,,,,,,,,,,,,,,,
,,,,,,,,,,,,,,,
,,,,,,,,,,,,,,,
,,,,,,,,,,,,,,,
,,,,,,,,,,,,,,,
,,,,,,,,,,,,,,,
,,,,,,,,,,,,,,,
,,,,,,,,,,,,,,,
,,,,,,,,,,,,,,,
,,,,,,,,,,,,,,,
,,,,,,,,,,,,,,,
,,,,,,,,,,,,,,,
,,,,,,,,,,,,,,,
,,,,,,,,,,,,,,,
,,,,,,,,,,,,,,,
,,,,,,,,,,,,,,,
,,,,,,,,,,,,,,,
,,,,,,,,,,,,,,,
,,,,,,,,,,,,,,,
,,,,,,,,,,,,,,,
,,,,,,,,,,,,,,,
,,,,,,,,,,,,,,,
,,,,,,,,,,,,,,,
,,,,,,,,,,,,,,,
,,,,,,,,,,,,,,,
,,,,,,,,,,,,,,,
,,,,,,,,,,,,,,,
,,,,,,,,,,,,,,,
,,,,,,,,,,,,,,,
,,,,,,,,,,,,,,,
,,,,,,,,,,,,,,,
,,,,,,,,,,,,,,,
,,,,,,,,,,,,,,,
,,,,,,,,,,,,,,,
,,,,,,,,,,,,,,,
,,,,,,,,,,,,,,,
,,,,,,,,,,,,,,,
,,,,,,,,,,,,,,,
,,,,,,,,,,,,,,,
,,,,,,,,,,,,,,,
,,,,,,,,,,,,,,,
,,,,,,,,,,,,,,,
,,,,,,,,,,,,,,,
,,,,,,,,,,,,,,,
,,,,,,,,,,,,,,,
,,,,,,,,,,,,,,,
,,,,,,,,,,,,,,,
,,,,,,,,,,,,,,,
,,,,,,,,,,,,,,,
,,,,,,,,,,,,,,,
,,,,,,,,,,,,,,,
,,,,,,,,,,,,,,,
,,,,,,,,,,,,,,,
,,,,,,,,,,,,,,,
,,,,,,,,,,,,,,,
,,,,,,,,,,,,,,,
,,,,,,,,,,,,,,,
,,,,,,,,,,,,,,,
,,,,,,,,,,,,,,,
,,,,,,,,,,,,,,,
,,,,,,,,,,,,,,,
,,,,,,,,,,,,,,,
,,,,,,,,,,,,,,,
,,,,,,,,,,,,,,,
,,,,,,,,,,,,,,,
,,,,,,,,,,,,,,,
,,,,,,,,,,,,,,,
,,,,,,,,,,,,,,,
,,,,,,,,,,,,,,,
,,,,,,,,,,,,,,,
,,,,,,,,,,,,,,,
,,,,,,,,,,,,,,,
,,,,,,,,,,,,,,,
,,,,,,,,,,,,,,,
,,,,,,,,,,,,,,,
,,,,,,,,,,,,,,,
,,,,,,,,,,,,,,,
,,,,,,,,,,,,,,,
,,,,,,,,,,,,,,,
,,,,,,,,,,,,,,,
,,,,,,,,,,,,,,,
,,,,,,,,,,,,,,,
,,,,,,,,,,,,,,,
,,,,,,,,,,,,,,,
,,,,,,,,,,,,,,,
,,,,,,,,,,,,,,,
,,,,,,,,,,,,,,,
,,,,,,,,,,,,,,,
,,,,,,,,,,,,,,,
,,,,,,,,,,,,,,,
,,,,,,,,,,,,,,,
,,,,,,,,,,,,,,,
,,,,,,,,,,,,,,,
,,,,,,,,,,,,,,,
,,,,,,,,,,,,,,,
,,,,,,,,,,,,,,,
,,,,,,,,,,,,,,,
,,,,,,,,,,,,,,,
,,,,,,,,,,,,,,,
,,,,,,,,,,,,,,,
,,,,,,,,,,,,,,,
,,,,,,,,,,,,,,,
,,,,,,,,,,,,,,,
,,,,,,,,,,,,,,,
,,,,,,,,,,,,,,,
,,,,,,,,,,,,,,,
,,,,,,,,,,,,,,,
,,,,,,,,,,,,,,,
,,,,,,,,,,,,,,,
,,,,,,,,,,,,,,,
,,,,,,,,,,,,,,,
,,,,,,,,,,,,,,,
,,,,,,,,,,,,,,,
,,,,,,,,,,,,,,,
,,,,,,,,,,,,,,,
,,,,,,,,,,,,,,,
,,,,,,,,,,,,,,,
,,,,,,,,,,,,,,,
,,,,,,,,,,,,,,,
,,,,,,,,,,,,,,,
,,,,,,,,,,,,,,,
,,,,,,,,,,,,,,,
,,,,,,,,,,,,,,,
,,,,,,,,,,,,,,,
,,,,,,,,,,,,,,,
,,,,,,,,,,,,,,,
,,,,,,,,,,,,,,,
,,,,,,,,,,,,,,,
,,,,,,,,,,,,,,,
,,,,,,,,,,,,,,,
,,,,,,,,,,,,,,,
,,,,,,,,,,,,,,,
,,,,,,,,,,,,,,,
,,,,,,,,,,,,,,,
,,,,,,,,,,,,,,,
,,,,,,,,,,,,,,,
,,,,,,,,,,,,,,,
,,,,,,,,,,,,,,,
,,,,,,,,,,,,,,,
,,,,,,,,,,,,,,,
,,,,,,,,,,,,,,,
,,,,,,,,,,,,,,,
,,,,,,,,,,,,,,,
,,,,,,,,,,,,,,,
,,,,,,,,,,,,,,,
,,,,,,,,,,,,,,,
,,,,,,,,,,,,,,,
,,,,,,,,,,,,,,,
,,,,,,,,,,,,,,,
,,,,,,,,,,,,,,,
,,,,,,,,,,,,,,,
,,,,,,,,,,,,,,,
,,,,,,,,,,,,,,,
,,,,,,,,,,,,,,,
,,,,,,,,,,,,,,,
,,,,,,,,,,,,,,,
,,,,,,,,,,,,,,,
,,,,,,,,,,,,,,,
,,,,,,,,,,,,,,,
,,,,,,,,,,,,,,,
,,,,,,,,,,,,,,,
,,,,,,,,,,,,,,,
,,,,,,,,,,,,,,,
,,,,,,,,,,,,,,,
,,,,,,,,,,,,,,,
,,,,,,,,,,,,,,,
,,,,,,,,,,,,,,,
,,,,,,,,,,,,,,,
,,,,,,,,,,,,,,,
,,,,,,,,,,,,,,,
,,,,,,,,,,,,,,,
,,,,,,,,,,,,,,,
,,,,,,,,,,,,,,,
,,,,,,,,,,,,,,,
,,,,,,,,,,,,,,,
,,,,,,,,,,,,,,,
,,,,,,,,,,,,,,,
,,,,,,,,,,,,,,,
,,,,,,,,,,,,,,,
,,,,,,,,,,,,,,,
,,,,,,,,,,,,,,,
,,,,,,,,,,,,,,,
,,,,,,,,,,,,,,,
,,,,,,,,,,,,,,,
,,,,,,,,,,,,,,,
,,,,,,,,,,,,,,,
,,,,,,,,,,,,,,,
,,,,,,,,,,,,,,,
,,,,,,,,,,,,,,,
,,,,,,,,,,,,,,,
,,,,,,,,,,,,,,,
,,,,,,,,,,,,,,,
,,,,,,,,,,,,,,,
,,,,,,,,,,,,,,,
,,,,,,,,,,,,,,,
,,,,,,,,,,,,,,,
,,,,,,,,,,,,,,,
,,,,,,,,,,,,,,,
,,,,,,,,,,,,,,,
,,,,,,,,,,,,,,,
,,,,,,,,,,,,,,,
,,,,,,,,,,,,,,,
,,,,,,,,,,,,,,,
,,,,,,,,,,,,,,,
,,,,,,,,,,,,,,,
,,,,,,,,,,,,,,,
,,,,,,,,,,,,,,,
,,,,,,,,,,,,,,,
,,,,,,,,,,,,,,,
,,,,,,,,,,,,,,,
,,,,,,,,,,,,,,,
,,,,,,,,,,,,,,,
,,,,,,,,,,,,,,,
,,,,,,,,,,,,,,,
,,,,,,,,,,,,,,,
,,,,,,,,,,,,,,,
,,,,,,,,,,,,,,,
,,,,,,,,,,,,,,,
,,,,,,,,,,,,,,,
,,,,,,,,,,,,,,,
,,,,,,,,,,,,,,,
,,,,,,,,,,,,,,,
,,,,,,,,,,,,,,,
,,,,,,,,,,,,,,,
,,,,,,,,,,,,,,,
,,,,,,,,,,,,,,,
,,,,,,,,,,,,,,,
,,,,,,,,,,,,,,,
,,,,,,,,,,,,,,,
,,,,,,,,,,,,,,,
,,,,,,,,,,,,,,,
,,,,,,,,,,,,,,,
,,,,,,,,,,,,,,,
,,,,,,,,,,,,,,,
,,,,,,,,,,,,,,,
,,,,,,,,,,,,,,,
,,,,,,,,,,,,,,,
,,,,,,,,,,,,,,,
,,,,,,,,,,,,,,,
,,,,,,,,,,,,,,,
,,,,,,,,,,,,,,,
,,,,,,,,,,,,,,,
,,,,,,,,,,,,,,,
,,,,,,,,,,,,,,,
,,,,,,,,,,,,,,,
,,,,,,,,,,,,,,,
,,,,,,,,,,,,,,,
,,,,,,,,,,,,,,,
,,,,,,,,,,,,,,,
,,,,,,,,,,,,,,,
,,,,,,,,,,,,,,,
,,,,,,,,,,,,,,,
,,,,,,,,,,,,,,,
,,,,,,,,,,,,,,,
,,,,,,,,,,,,,,,
,,,,,,,,,,,,,,,
,,,,,,,,,,,,,,,
,,,,,,,,,,,,,,,
,,,,,,,,,,,,,,,
,,,,,,,,,,,,,,,
,,,,,,,,,,,,,,,
,,,,,,,,,,,,,,,
,,,,,,,,,,,,,,,
,,,,,,,,,,,,,,,
,,,,,,,,,,,,,,,
,,,,,,,,,,,,,,,
,,,,,,,,,,,,,,,
,,,,,,,,,,,,,,,
,,,,,,,,,,,,,,,
,,,,,,,,,,,,,,,
,,,,,,,,,,,,,,,
,,,,,,,,,,,,,,,
,,,,,,,,,,,,,,,
,,,,,,,,,,,,,,,
,,,,,,,,,,,,,,,
,,,,,,,,,,,,,,,
,,,,,,,,,,,,,,,
,,,,,,,,,,,,,,,
,,,,,,,,,,,,,,,
,,,,,,,,,,,,,,,
,,,,,,,,,,,,,,,
,,,,,,,,,,,,,,,
,,,,,,,,,,,,,,,
,,,,,,,,,,,,,,,
,,,,,,,,,,,,,,,
,,,,,,,,,,,,,,,
,,,,,,,,,,,,,,,
,,,,,,,,,,,,,,,
,,,,,,,,,,,,,,,
,,,,,,,,,,,,,,,
,,,,,,,,,,,,,,,
,,,,,,,,,,,,,,,
,,,,,,,,,,,,,,,
,,,,,,,,,,,,,,,
,,,,,,,,,,,,,,,
,,,,,,,,,,,,,,,
,,,,,,,,,,,,,,,
,,,,,,,,,,,,,,,
,,,,,,,,,,,,,,,
,,,,,,,,,,,,,,,
,,,,,,,,,,,,,,,
,,,,,,,,,,,,,,,
,,,,,,,,,,,,,,,
,,,,,,,,,,,,,,,
,,,,,,,,,,,,,,,
,,,,,,,,,,,,,,,
,,,,,,,,,,,,,,,
,,,,,,,,,,,,,,,
,,,,,,,,,,,,,,,
,,,,,,,,,,,,,,,
,,,,,,,,,,,,,,,
,,,,,,,,,,,,,,,
,,,,,,,,,,,,,,,
,,,,,,,,,,,,,,,
,,,,,,,,,,,,,,,
,,,,,,,,,,,,,,,
,,,,,,,,,,,,,,,
,,,,,,,,,,,,,,,
,,,,,,,,,,,,,,,
,,,,,,,,,,,,,,,
,,,,,,,,,,,,,,,
,,,,,,,,,,,,,,,
,,,,,,,,,,,,,,,
,,,,,,,,,,,,,,,
,,,,,,,,,,,,,,,
,,,,,,,,,,,,,,,
,,,,,,,,,,,,,,,
,,,,,,,,,,,,,,,
,,,,,,,,,,,,,,,
,,,,,,,,,,,,,,,
,,,,,,,,,,,,,,,
,,,,,,,,,,,,,,,
,,,,,,,,,,,,,,,
,,,,,,,,,,,,,,,
,,,,,,,,,,,,,,,
,,,,,,,,,,,,,,,
,,,,,,,,,,,,,,,
,,,,,,,,,,,,,,,
,,,,,,,,,,,,,,,
,,,,,,,,,,,,,,,
,,,,,,,,,,,,,,,
,,,,,,,,,,,,,,,
,,,,,,,,,,,,,,,
,,,,,,,,,,,,,,,
,,,,,,,,,,,,,,,
,,,,,,,,,,,,,,,
,,,,,,,,,,,,,,,
,,,,,,,,,,,,,,,
,,,,,,,,,,,,,,,
,,,,,,,,,,,,,,,
,,,,,,,,,,,,,,,
,,,,,,,,,,,,,,,
,,,,,,,,,,,,,,,
,,,,,,,,,,,,,,,
,,,,,,,,,,,,,,,
,,,,,,,,,,,,,,,
,,,,,,,,,,,,,,,
,,,,,,,,,,,,,,,
,,,,,,,,,,,,,,,
,,,,,,,,,,,,,,,
,,,,,,,,,,,,,,,
,,,,,,,,,,,,,,,
,,,,,,,,,,,,,,,
,,,,,,,,,,,,,,,
,,,,,,,,,,,,,,,
,,,,,,,,,,,,,,,
,,,,,,,,,,,,,,,
,,,,,,,,,,,,,,,
,,,,,,,,,,,,,,,
,,,,,,,,,,,,,,,
,,,,,,,,,,,,,,,
,,,,,,,,,,,,,,,
,,,,,,,,,,,,,,,
,,,,,,,,,,,,,,,
,,,,,,,,,,,,,,,
,,,,,,,,,,,,,,,
,,,,,,,,,,,,,,,
,,,,,,,,,,,,,,,
,,,,,,,,,,,,,,,
,,,,,,,,,,,,,,,
,,,,,,,,,,,,,,,
,,,,,,,,,,,,,,,
,,,,,,,,,,,,,,,
,,,,,,,,,,,,,,,
,,,,,,,,,,,,,,,
,,,,,,,,,,,,,,,
,,,,,,,,,,,,,,,
,,,,,,,,,,,,,,,
,,,,,,,,,,,,,,,
,,,,,,,,,,,,,,,
,,,,,,,,,,,,,,,
,,,,,,,,,,,,,,,
,,,,,,,,,,,,,,,
,,,,,,,,,,,,,,,
,,,,,,,,,,,,,,,
,,,,,,,,,,,,,,,
,,,,,,,,,,,,,,,
,,,,,,,,,,,,,,,
,,,,,,,,,,,,,,,
,,,,,,,,,,,,,,,
,,,,,,,,,,,,,,,
,,,,,,,,,,,,,,,
,,,,,,,,,,,,,,,
,,,,,,,,,,,,,,,
,,,,,,,,,,,,,,,
,,,,,,,,,,,,,,,
,,,,,,,,,,,,,,,
,,,,,,,,,,,,,,,
,,,,,,,,,,,,,,,
,,,,,,,,,,,,,,,
,,,,,,,,,,,,,,,
,,,,,,,,,,,,,,,
,,,,,,,,,,,,,,,
,,,,,,,,,,,,,,,
,,,,,,,,,,,,,,,
,,,,,,,,,,,,,,,
,,,,,,,,,,,,,,,
,,,,,,,,,,,,,,,
,,,,,,,,,,,,,,,
,,,,,,,,,,,,,,,
,,,,,,,,,,,,,,,
,,,,,,,,,,,,,,,
,,,,,,,,,,,,,,,
,,,,,,,,,,,,,,,
,,,,,,,,,,,,,,,
,,,,,,,,,,,,,,,
,,,,,,,,,,,,,,,
,,,,,,,,,,,,,,,
,,,,,,,,,,,,,,,
,,,,,,,,,,,,,,,
,,,,,,,,,,,,,,,
,,,,,,,,,,,,,,,
,,,,,,,,,,,,,,,
,,,,,,,,,,,,,,,
,,,,,,,,,,,,,,,
,,,,,,,,,,,,,,,
,,,,,,,,,,,,,,,
,,,,,,,,,,,,,,,
,,,,,,,,,,,,,,,
,,,,,,,,,,,,,,,
,,,,,,,,,,,,,,,
,,,,,,,,,,,,,,,
,,,,,,,,,,,,,,,
,,,,,,,,,,,,,,,
,,,,,,,,,,,,,,,
,,,,,,,,,,,,,,,
,,,,,,,,,,,,,,,
,,,,,,,,,,,,,,,
,,,,,,,,,,,,,,,
,,,,,,,,,,,,,,,
,,,,,,,,,,,,,,,
,,,,,,,,,,,,,,,
,,,,,,,,,,,,,,,
,,,,,,,,,,,,,,,
,,,,,,,,,,,,,,,
,,,,,,,,,,,,,,,
,,,,,,,,,,,,,,,
,,,,,,,,,,,,,,,
,,,,,,,,,,,,,,,
,,,,,,,,,,,,,,,
,,,,,,,,,,,,,,,
,,,,,,,,,,,,,,,
,,,,,,,,,,,,,,,
,,,,,,,,,,,,,,,
,,,,,,,,,,,,,,,
,,,,,,,,,,,,,,,
,,,,,,,,,,,,,,,
,,,,,,,,,,,,,,,
,,,,,,,,,,,,,,,
,,,,,,,,,,,,,,,
,,,,,,,,,,,,,,,
,,,,,,,,,,,,,,,
,,,,,,,,,,,,,,,
,,,,,,,,,,,,,,,
,,,,,,,,,,,,,,,
,,,,,,,,,,,,,,,
,,,,,,,,,,,,,,,
,,,,,,,,,,,,,,,
,,,,,,,,,,,,,,,
,,,,,,,,,,,,,,,
,,,,,,,,,,,,,,,
,,,,,,,,,,,,,,,
,,,,,,,,,,,,,,,
,,,,,,,,,,,,,,,
,,,,,,,,,,,,,,,
,,,,,,,,,,,,,,,
,,,,,,,,,,,,,,,
,,,,,,,,,,,,,,,
,,,,,,,,,,,,,,,
,,,,,,,,,,,,,,,
,,,,,,,,,,,,,,,
,,,,,,,,,,,,,,,
,,,,,,,,,,,,,,,
,,,,,,,,,,,,,,,
,,,,,,,,,,,,,,,
,,,,,,,,,,,,,,,
,,,,,,,,,,,,,,,
,,,,,,,,,,,,,,,
,,,,,,,,,,,,,,,
,,,,,,,,,,,,,,,
,,,,,,,,,,,,,,,
,,,,,,,,,,,,,,,
,,,,,,,,,,,,,,,
,,,,,,,,,,,,,,,
,,,,,,,,,,,,,,,
,,,,,,,,,,,,,,,
,,,,,,,,,,,,,,,
,,,,,,,,,,,,,,,
,,,,,,,,,,,,,,,
,,,,,,,,,,,,,,,
,,,,,,,,,,,,,,,
,,,,,,,,,,,,,,,
,,,,,,,,,,,,,,,
,,,,,,,,,,,,,,,
,,,,,,,,,,,,,,,
,,,,,,,,,,,,,,,
,,,,,,,,,,,,,,,
,,,,,,,,,,,,,,,
,,,,,,,,,,,,,,,
,,,,,,,,,,,,,,,
,,,,,,,,,,,,,,,
,,,,,,,,,,,,,,,
,,,,,,,,,,,,,,,
,,,,,,,,,,,,,,,
,,,,,,,,,,,,,,,
,,,,,,,,,,,,,,,
,,,,,,,,,,,,,,,
,,,,,,,,,,,,,,,
,,,,,,,,,,,,,,,
,,,,,,,,,,,,,,,
,,,,,,,,,,,,,,,
,,,,,,,,,,,,,,,
,,,,,,,,,,,,,,,
,,,,,,,,,,,,,,,
,,,,,,,,,,,,,,,
,,,,,,,,,,,,,,,
,,,,,,,,,,,,,,,
,,,,,,,,,,,,,,,
,,,,,,,,,,,,,,,
,,,,,,,,,,,,,,,
,,,,,,,,,,,,,,,
,,,,,,,,,,,,,,,
,,,,,,,,,,,,,,,
,,,,,,,,,,,,,,,
,,,,,,,,,,,,,,,
,,,,,,,,,,,,,,,
,,,,,,,,,,,,,,,
,,,,,,,,,,,,,,,
,,,,,,,,,,,,,,,
,,,,,,,,,,,,,,,
,,,,,,,,,,,,,,,
,,,,,,,,,,,,,,,
,,,,,,,,,,,,,,,
,,,,,,,,,,,,,,,
,,,,,,,,,,,,,,,
,,,,,,,,,,,,,,,
,,,,,,,,,,,,,,,
,,,,,,,,,,,,,,,
,,,,,,,,,,,,,,,
,,,,,,,,,,,,,,,
,,,,,,,,,,,,,,,
,,,,,,,,,,,,,,,
,,,,,,,,,,,,,,,
,,,,,,,,,,,,,,,
,,,,,,,,,,,,,,,
,,,,,,,,,,,,,,,
,,,,,,,,,,,,,,,
,,,,,,,,,,,,,,,
,,,,,,,,,,,,,,,
,,,,,,,,,,,,,,,
,,,,,,,,,,,,,,,
,,,,,,,,,,,,,,,
,,,,,,,,,,,,,,,
,,,,,,,,,,,,,,,
,,,,,,,,,,,,,,,
,,,,,,,,,,,,,,,
,,,,,,,,,,,,,,,
,,,,,,,,,,,,,,,
,,,,,,,,,,,,,,,
,,,,,,,,,,,,,,,
,,,,,,,,,,,,,,,
,,,,,,,,,,,,,,,
,,,,,,,,,,,,,,,
,,,,,,,,,,,,,,,
,,,,,,,,,,,,,,,
,,,,,,,,,,,,,,,
,,,,,,,,,,,,,,,
,,,,,,,,,,,,,,,
,,,,,,,,,,,,,,,
,,,,,,,,,,,,,,,
,,,,,,,,,,,,,,,
,,,,,,,,,,,,,,,
,,,,,,,,,,,,,,,
,,,,,,,,,,,,,,,
,,,,,,,,,,,,,,,
,,,,,,,,,,,,,,,
,,,,,,,,,,,,,,,
,,,,,,,,,,,,,,,
,,,,,,,,,,,,,,,
,,,,,,,,,,,,,,,
,,,,,,,,,,,,,,,
,,,,,,,,,,,,,,,
,,,,,,,,,,,,,,,
,,,,,,,,,,,,,,,
,,,,,,,,,,,,,,,
,,,,,,,,,,,,,,,
,,,,,,,,,,,,,,,
,,,,,,,,,,,,,,,
,,,,,,,,,,,,,,,
,,,,,,,,,,,,,,,
,,,,,,,,,,,,,,,
,,,,,,,,,,,,,,,
,,,,,,,,,,,,,,,
,,,,,,,,,,,,,,,
,,,,,,,,,,,,,,,
,,,,,,,,,,,,,,,
,,,,,,,,,,,,,,,
,,,,,,,,,,,,,,,
,,,,,,,,,,,,,,,
,,,,,,,,,,,,,,,
,,,,,,,,,,,,,,,
,,,,,,,,,,,,,,,
,,,,,,,,,,,,,,,
,,,,,,,,,,,,,,,
,,,,,,,,,,,,,,,
,,,,,,,,,,,,,,,
,,,,,,,,,,,,,,,
,,,,,,,,,,,,,,,
,,,,,,,,,,,,,,,
,,,,,,,,,,,,,,,
,,,,,,,,,,,,,,,
,,,,,,,,,,,,,,,
,,,,,,,,,,,,,,,
,,,,,,,,,,,,,,,
,,,,,,,,,,,,,,,
,,,,,,,,,,,,,,,
,,,,,,,,,,,,,,,
,,,,,,,,,,,,,,,
,,,,,,,,,,,,,,,
,,,,,,,,,,,,,,,
,,,,,,,,,,,,,,,
,,,,,,,,,,,,,,,
,,,,,,,,,,,,,,,
,,,,,,,,,,,,,,,
,,,,,,,,,,,,,,,
,,,,,,,,,,,,,,,
,,,,,,,,,,,,,,,
,,,,,,,,,,,,,,,
,,,,,,,,,,,,,,,
,,,,,,,,,,,,,,,
,,,,,,,,,,,,,,,
,,,,,,,,,,,,,,,
,,,,,,,,,,,,,,,
,,,,,,,,,,,,,,,
,,,,,,,,,,,,,,,
,,,,,,,,,,,,,,,
,,,,,,,,,,,,,,,
,,,,,,,,,,,,,,,
,,,,,,,,,,,,,,,
,,,,,,,,,,,,,,,
,,,,,,,,,,,,,,,
,,,,,,,,,,,,,,,
,,,,,,,,,,,,,,,
,,,,,,,,,,,,,,,
,,,,,,,,,,,,,,,
,,,,,,,,,,,,,,,
,,,,,,,,,,,,,,,
,,,,,,,,,,,,,,,
,,,,,,,,,,,,,,,
,,,,,,,,,,,,,,,
,,,,,,,,,,,,,,,
,,,,,,,,,,,,,,,
,,,,,,,,,,,,,,,
,,,,,,,,,,,,,,,
,,,,,,,,,,,,,,,
,,,,,,,,,,,,,,,
,,,,,,,,,,,,,,,
,,,,,,,,,,,,,,,
,,,,,,,,,,,,,,,
,,,,,,,,,,,,,,,
,,,,,,,,,,,,,,,
,,,,,,,,,,,,,,,
,,,,,,,,,,,,,,,
,,,,,,,,,,,,,,,
,,,,,,,,,,,,,,,
,,,,,,,,,,,,,,,
,,,,,,,,,,,,,,,
,,,,,,,,,,,,,,,
,,,,,,,,,,,,,,,
,,,,,,,,,,,,,,,
,,,,,,,,,,,,,,,
,,,,,,,,,,,,,,,
,,,,,,,,,,,,,,,
,,,,,,,,,,,,,,,
,,,,,,,,,,,,,,,
,,,,,,,,,,,,,,,
,,,,,,,,,,,,,,,
,,,,,,,,,,,,,,,
,,,,,,,,,,,,,,,
,,,,,,,,,,,,,,,
,,,,,,,,,,,,,,,
,,,,,,,,,,,,,,,
,,,,,,,,,,,,,,,
,,,,,,,,,,,,,,,
,,,,,,,,,,,,,,,
,,,,,,,,,,,,,,,
,,,,,,,,,,,,,,,
,,,,,,,,,,,,,,,
,,,,,,,,,,,,,,,
,,,,,,,,,,,,,,,
,,,,,,,,,,,,,,,
,,,,,,,,,,,,,,,
,,,,,,,,,,,,,,,
,,,,,,,,,,,,,,,
,,,,,,,,,,,,,,,
,,,,,,,,,,,,,,,
,,,,,,,,,,,,,,,
,,,,,,,,,,,,,,,
,,,,,,,,,,,,,,,
,,,,,,,,,,,,,,,
,,,,,,,,,,,,,,,
,,,,,,,,,,,,,,,
,,,,,,,,,,,,,,,
,,,,,,,,,,,,,,,
,,,,,,,,,,,,,,,
,,,,,,,,,,,,,,,
,,,,,,,,,,,,,,,
,,,,,,,,,,,,,,,
,,,,,,,,,,,,,,,
,,,,,,,,,,,,,,,
,,,,,,,,,,,,,,,
,,,,,,,,,,,,,,,
,,,,,,,,,,,,,,,
,,,,,,,,,,,,,,,
,,,,,,,,,,,,,,,
,,,,,,,,,,,,,,,
,,,,,,,,,,,,,,,
,,,,,,,,,,,,,,,
,,,,,,,,,,,,,,,
,,,,,,,,,,,,,,,
,,,,,,,,,,,,,,,
,,,,,,,,,,,,,,,
,,,,,,,,,,,,,,,
,,,,,,,,,,,,,,,
,,,,,,,,,,,,,,,
,,,,,,,,,,,,,,,
,,,,,,,,,,,,,,,
,,,,,,,,,,,,,,,
,,,,,,,,,,,,,,,
,,,,,,,,,,,,,,,
,,,,,,,,,,,,,,,
,,,,,,,,,,,,,,,
,,,,,,,,,,,,,,,
,,,,,,,,,,,,,,,
,,,,,,,,,,,,,,,
,,,,,,,,,,,,,,,
,,,,,,,,,,,,,,,
,,,,,,,,,,,,,,,
,,,,,,,,,,,,,,,
,,,,,,,,,,,,,,,
,,,,,,,,,,,,,,,
,,,,,,,,,,,,,,,
,,,,,,,,,,,,,,,
,,,,,,,,,,,,,,,
,,,,,,,,,,,,,,,
,,,,,,,,,,,,,,,
,,,,,,,,,,,,,,,
,,,,,,,,,,,,,,,
,,,,,,,,,,,,,,,
,,,,,,,,,,,,,,,
,,,,,,,,,,,,,,,
,,,,,,,,,,,,,,,
,,,,,,,,,,,,,,,
,,,,,,,,,,,,,,,
,,,,,,,,,,,,,,,
,,,,,,,,,,,,,,,
,,,,,,,,,,,,,,,
,,,,,,,,,,,,,,,
,,,,,,,,,,,,,,,
,,,,,,,,,,,,,,,
,,,,,,,,,,,,,,,
,,,,,,,,,,,,,,,
,,,,,,,,,,,,,,,
,,,,,,,,,,,,,,,
,,,,,,,,,,,,,,,
,,,,,,,,,,,,,,,
,,,,,,,,,,,,,,,
,,,,,,,,,,,,,,,
,,,,,,,,,,,,,,,
,,,,,,,,,,,,,,,
,,,,,,,,,,,,,,,
,,,,,,,,,,,,,,,
,,,,,,,,,,,,,,,
,,,,,,,,,,,,,,,
,,,,,,,,,,,,,,,
,,,,,,,,,,,,,,,
,,,,,,,,,,,,,,,
,,,,,,,,,,,,,,,
,,,,,,,,,,,,,,,
,,,,,,,,,,,,,,,
,,,,,,,,,,,,,,,
,,,,,,,,,,,,,,,
,,,,,,,,,,,,,,,
,,,,,,,,,,,,,,,
,,,,,,,,,,,,,,,
,,,,,,,,,,,,,,,
,,,,,,,,,,,,,,,
,,,,,,,,,,,,,,,
,,,,,,,,,,,,,,,
,,,,,,,,,,,,,,,
,,,,,,,,,,,,,,,
,,,,,,,,,,,,,,,
,,,,,,,,,,,,,,,
,,,,,,,,,,,,,,,
,,,,,,,,,,,,,,,
,,,,,,,,,,,,,,,
,,,,,,,,,,,,,,,
,,,,,,,,,,,,,,,
,,,,,,,,,,,,,,,
,,,,,,,,,,,,,,,
,,,,,,,,,,,,,,,
,,,,,,,,,,,,,,,
,,,,,,,,,,,,,,,
,,,,,,,,,,,,,,,
,,,,,,,,,,,,,,,
,,,,,,,,,,,,,,,
,,,,,,,,,,,,,,,
,,,,,,,,,,,,,,,
,,,,,,,,,,,,,,,
,,,,,,,,,,,,,,,
,,,,,,,,,,,,,,,
,,,,,,,,,,,,,,,
,,,,,,,,,,,,,,,
,,,,,,,,,,,,,,,
,,,,,,,,,,,,,,,
,,,,,,,,,,,,,,,
,,,,,,,,,,,,,,,
,,,,,,,,,,,,,,,
,,,,,,,,,,,,,,,
,,,,,,,,,,,,,,,
,,,,,,,,,,,,,,,
,,,,,,,,,,,,,,,
,,,,,,,,,,,,,,,
,,,,,,,,,,,,,,,
,,,,,,,,,,,,,,,
,,,,,,,,,,,,,,,
,,,,,,,,,,,,,,,
,,,,,,,,,,,,,,,
,,,,,,,,,,,,,,,
,,,,,,,,,,,,,,,
,,,,,,,,,,,,,,,
,,,,,,,,,,,,,,,
,,,,,,,,,,,,,,,
,,,,,,,,,,,,,,,
,,,,,,,,,,,,,,,
,,,,,,,,,,,,,,,
,,,,,,,,,,,,,,,
,,,,,,,,,,,,,,,
,,,,,,,,,,,,,,,
,,,,,,,,,,,,,,,
,,,,,,,,,,,,,,,
,,,,,,,,,,,,,,,
,,,,,,,,,,,,,,,
,,,,,,,,,,,,,,,
,,,,,,,,,,,,,,,
,,,,,,,,,,,,,,,
,,,,,,,,,,,,,,,
,,,,,,,,,,,,,,,
,,,,,,,,,,,,,,,
,,,,,,,,,,,,,,,
,,,,,,,,,,,,,,,
,,,,,,,,,,,,,,,
,,,,,,,,,,,,,,,
,,,,,,,,,,,,,,,
,,,,,,,,,,,,,,,
,,,,,,,,,,,,,,,
,,,,,,,,,,,,,,,
,,,,,,,,,,,,,,,
,,,,,,,,,,,,,,,
,,,,,,,,,,,,,,,
,,,,,,,,,,,,,,,
,,,,,,,,,,,,,,,
,,,,,,,,,,,,,,,
,,,,,,,,,,,,,,,
,,,,,,,,,,,,,,,
,,,,,,,,,,,,,,,
,,,,,,,,,,,,,,,
,,,,,,,,,,,,,,,
,,,,,,,,,,,,,,,
,,,,,,,,,,,,,,,
,,,,,,,,,,,,,,,
,,,,,,,,,,,,,,,
,,,,,,,,,,,,,,,
,,,,,,,,,,,,,,,
,,,,,,,,,,,,,,,
,,,,,,,,,,,,,,,
,,,,,,,,,,,,,,,
,,,,,,,,,,,,,,,
,,,,,,,,,,,,,,,
,,,,,,,,,,,,,,,
,,,,,,,,,,,,,,,
,,,,,,,,,,,,,,,
,,,,,,,,,,,,,,,
,,,,,,,,,,,,,,,
,,,,,,,,,,,,,,,
,,,,,,,,,,,,,,,
,,,,,,,,,,,,,,,
,,,,,,,,,,,,,,,
,,,,,,,,,,,,,,,
,,,,,,,,,,,,,,,
,,,,,,,,,,,,,,,
,,,,,,,,,,,,,,,
,,,,,,,,,,,,,,,
,,,,,,,,,,,,,,,
,,,,,,,,,,,,,,,
,,,,,,,,,,,,,,,
,,,,,,,,,,,,,,,
,,,,,,,,,,,,,,,
,,,,,,,,,,,,,,,
,,,,,,,,,,,,,,,
,,,,,,,,,,,,,,,
,,,,,,,,,,,,,,,
,,,,,,,,,,,,,,,
,,,,,,,,,,,,,,,
,,,,,,,,,,,,,,,
,,,,,,,,,,,,,,,
,,,,,,,,,,,,,,,
,,,,,,,,,,,,,,,
,,,,,,,,,,,,,,,
,,,,,,,,,,,,,,,
,,,,,,,,,,,,,,,
,,,,,,,,,,,,,,,
,,,,,,,,,,,,,,,
,,,,,,,,,,,,,,,
,,,,,,,,,,,,,,,
,,,,,,,,,,,,,,,
,,,,,,,,,,,,,,,
,,,,,,,,,,,,,,,
,,,,,,,,,,,,,,,
,,,,,,,,,,,,,,,
,,,,,,,,,,,,,,,
,,,,,,,,,,,,,,,
,,,,,,,,,,,,,,,
,,,,,,,,,,,,,,,
,,,,,,,,,,,,,,,
,,,,,,,,,,,,,,,
,,,,,,,,,,,,,,,
,,,,,,,,,,,,,,,
,,,,,,,,,,,,,,,
,,,,,,,,,,,,,,,
,,,,,,,,,,,,,,,
,,,,,,,,,,,,,,,
,,,,,,,,,,,,,,,
,,,,,,,,,,,,,,,
,,,,,,,,,,,,,,,
,,,,,,,,,,,,,,,
,,,,,,,,,,,,,,,
,,,,,,,,,,,,,,,
,,,,,,,,,,,,,,,
,,,,,,,,,,,,,,,
,,,,,,,,,,,,,,,
,,,,,,,,,,,,,,,
,,,,,,,,,,,,,,,
,,,,,,,,,,,,,,,
,,,,,,,,,,,,,,,
,,,,,,,,,,,,,,,
,,,,,,,,,,,,,,,
,,,,,,,,,,,,,,,
,,,,,,,,,,,,,,,
,,,,,,,,,,,,,,,
,,,,,,,,,,,,,,,
,,,,,,,,,,,,,,,
,,,,,,,,,,,,,,,
,,,,,,,,,,,,,,,
,,,,,,,,,,,,,,,
,,,,,,,,,,,,,,,
,,,,,,,,,,,,,,,
,,,,,,,,,,,,,,,
,,,,,,,,,,,,,,,
,,,,,,,,,,,,,,,
,,,,,,,,,,,,,,,
,,,,,,,,,,,,,,,
,,,,,,,,,,,,,,,
,,,,,,,,,,,,,,,
,,,,,,,,,,,,,,,
,,,,,,,,,,,,,,,
,,,,,,,,,,,,,,,
,,,,,,,,,,,,,,,
,,,,,,,,,,,,,,,
,,,,,,,,,,,,,,,
,,,,,,,,,,,,,,,
,,,,,,,,,,,,,,,
,,,,,,,,,,,,,,,
,,,,,,,,,,,,,,,
,,,,,,,,,,,,,,,
,,,,,,,,,,,,,,,
,,,,,,,,,,,,,,,
,,,,,,,,,,,,,,,
,,,,,,,,,,,,,,,
,,,,,,,,,,,,,,,
,,,,,,,,,,,,,,,
,,,,,,,,,,,,,,,
,,,,,,,,,,,,,,,
,,,,,,,,,,,,,,,
,,,,,,,,,,,,,,,
,,,,,,,,,,,,,,,
,,,,,,,,,,,,,,,
,,,,,,,,,,,,,,,
,,,,,,,,,,,,,,,
,,,,,,,,,,,,,,,
,,,,,,,,,,,,,,,
,,,,,,,,,,,,,,,
,,,,,,,,,,,,,,,
,,,,,,,,,,,,,,,
,,,,,,,,,,,,,,,
,,,,,,,,,,,,,,,
,,,,,,,,,,,,,,,
,,,,,,,,,,,,,,,
,,,,,,,,,,,,,,,
,,,,,,,,,,,,,,,
,,,,,,,,,,,,,,,
,,,,,,,,,,,,,,,
,,,,,,,,,,,,,,,
,,,,,,,,,,,,,,,
,,,,,,,,,,,,,,,
,,,,,,,,,,,,,,,
,,,,,,,,,,,,,,,
,,,,,,,,,,,,,,,
